,source,target,name,elevation,length,vegetation,location,type
0,0,715,new line.l(r:p3rdt1052-p3rhs0_1247),460.34124755859375,0.9348050000000002,28.9,1,1
1,1,2,new line.l(r:p3rdt0lv-p3rlv1),210.94180297851562,0.026037000000000005,2.2,1,1
2,3,4,new line.l(r:p3rdt1lv-p3rlv2)_s0,206.07435607910156,0.0245282,0.0,1,1
3,3,6,new line.l(r:p3rdt1lv-p3rlv7),206.02938842773438,0.0262551,0.0,1,1
4,4,5,new line.l(r:p3rdt1lv-p3rlv2)_s1,205.9046173095703,0.00174706,0.0,1,1
5,7,8,new line.l(r:p3rdt2lv-p3rlv3),206.57760620117188,0.0194357,0.0,1,1
6,7,9,new line.l(r:p3rdt2lv-p3rlv4),206.96546936035156,0.0314041,0.0,1,1
7,7,10,new line.l(r:p3rdt2lv-p3rlv5),206.18687438964844,0.0334126,0.0,1,1
8,7,11,new line.l(r:p3rdt2lv-p3rlv6),206.43801879882812,0.022570300000000005,0.0,1,1
9,7,12,new line.l(r:p3rdt2lv-p3rlv8),206.8591766357422,0.0735921,0.0,1,1
10,13,14,new line.l(r:p3rdt3lv-p3rlv9),172.1533660888672,0.0429455,0.0,1,1
11,13,15,new line.l(r:p3rdt3lv-p3rlv25),172.04124450683594,0.0884156,0.0,1,1
12,13,16,new line.l(r:p3rdt3lv-p3rlv145),172.12327575683594,0.0509652,0.0,1,1
13,13,17,new line.l(r:p3rdm10-p3rdt3lv),171.78646850585938,0.019588,0.0,1,1
14,17,18,new line.l(r:p3rdm10-p3rlv140),171.73838806152344,0.0668603,0.0,1,1
15,17,19,new line.l(r:p3rdm10-p3rlv141),171.5847930908203,0.0949987,0.0,1,1
16,17,20,new line.l(r:p3rdm10-p3rlv153),171.5435028076172,0.125479,0.0,1,1
17,21,22,new line.l(r:p3rdt4lv-p3rlv10),183.99961853027344,0.0099777,0.0,1,1
18,21,23,new line.l(r:p3rdt4lv-p3rlv12),183.3649444580078,0.0239857,0.0,1,1
19,21,24,new line.l(r:p3rdt4lv-p3rlv14),183.8304443359375,0.0217126,0.0,1,1
20,21,25,new line.l(r:p3rdt4lv-p3rlv271),184.2453155517578,0.039684,0.0,1,1
21,26,27,new line.l(r:p3rdt6lv-p3rlv13),177.18589782714844,0.1043,0.0,1,1
22,26,28,new line.l(r:p3rdm20-p3rdt6lv),177.97084045410156,0.0197908,0.0,1,1
23,28,29,new line.l(r:p3rdm20-p3rlv17),177.64486694335938,0.0850323,0.0,1,1
24,28,30,new line.l(r:p3rdm20-p3rlv28),177.49070739746094,0.108104,0.0,1,1
25,31,32,new line.l(r:p3rdt10lv-p3rlv19),177.3296661376953,0.001,0.0,1,1
26,33,34,new line.l(r:p3rdt11lv-p3rlv20),176.95973205566406,0.001,0.0,1,1
27,35,36,new line.l(r:p3rdt12lv-p3rlv21),172.2619171142578,0.0377282,0.0,1,1
28,37,38,new line.l(r:p3rdt16lv-p3rlv27),182.8168487548828,0.0218233,0.0,1,1
29,39,40,new line.l(r:p3rdt35lv-p3rlv63),200.03271484375,0.0183919,0.0,1,1
30,39,41,new line.l(r:p3rdt35lv-p3rlv65),199.52476501464844,0.00851206,0.0,1,1
31,39,42,new line.l(r:p3rdt35lv-p3rlv68),199.70643615722656,0.0378347,0.0,1,1
32,39,43,new line.l(r:p3rdm70-p3rdt35lv),198.8717803955078,0.03439,0.0,1,1
33,39,45,new line.l(r:p3rdm72-p3rdt35lv),200.30873107910156,0.0171975,0.0,1,1
34,43,44,new line.l(r:p3rdm70-p3rlv70),197.20492553710938,0.0100629,0.0,1,1
35,45,46,new line.l(r:p3rdm72-p3rlv73),200.30873107910156,0.0163089,0.0,1,1
36,45,47,new line.l(r:p3rdm72-p3rlv74),201.1662139892578,0.00719576,0.0,1,1
37,45,48,new line.l(r:p3rdm71-p3rdm72),202.5481719970703,0.0475719,0.0,1,1
38,48,49,new line.l(r:p3rdm71-p3rlv71),204.01426696777344,0.028508300000000004,0.0,1,1
39,50,51,new line.l(r:p3rdt36lv-p3rlv64),205.47262573242188,0.00418044,0.0,1,1
40,52,53,new line.l(r:p3rdt37lv-p3rlv66),196.37933349609375,0.0613582,4.0,1,1
41,52,54,new line.l(r:p3rdm76-p3rdt37lv),196.0582733154297,0.0171925,0.0,1,1
42,54,55,new line.l(r:p3rdm76-p3rlv69),196.01344299316406,0.00997008,0.0,1,1
43,56,57,new line.l(r:p3rdt38lv-p3rlv67),223.1807403564453,0.001,0.0,1,1
44,58,59,new line.l(r:p3rdt39lv-p3rlv72),202.08999633789062,0.048886,0.0,1,1
45,60,61,new line.l(r:p3rdt40lv-p3rlv75),171.61695861816406,0.0383785,0.0,1,1
46,60,62,new line.l(r:p3rdt40lv-p3rlv76),171.64892578125,0.0382332,0.0,1,1
47,60,63,new line.l(r:p3rdt40lv-p3rlv77),171.83267211914062,0.039893000000000005,0.0,1,1
48,64,65,new line.l(r:p3rdt42lv-p3rlv79),170.48121643066406,0.0695001,0.0,1,1
49,64,66,new line.l(r:p3rdt42lv-p3rlv273),170.73428344726562,0.0134696,0.0,1,1
50,64,67,new line.l(r:p3rdt42lv-p3rlv274),170.67080688476562,0.0353526,0.0,1,1
51,68,69,new line.l(r:p3rdt65lv-p3rlv112),169.65304565429688,0.001,0.0,1,1
52,70,71,new line.l(r:p3rdt66lv-p3rlv113),168.9757080078125,0.0919213,0.0,1,1
53,70,72,new line.l(r:p3rdm120-p3rdt66lv),168.98965454101562,0.019588,0.0,1,1
54,70,74,new line.l(r:p3rdm121-p3rdt66lv),168.8791961669922,0.019578,0.0,1,1
55,72,73,new line.l(r:p3rdm120-p3rlv151),169.0644989013672,0.0691051,0.0,1,1
56,74,75,new line.l(r:p3rdm121-p3rlv158),168.78746032714844,0.05191110000000001,0.0,1,1
57,76,77,new line.l(r:p3rdt67lv-p3rlv114),170.63157653808594,0.0969167,0.0,1,1
58,76,78,new line.l(r:p3rdt67lv-p3rlv124),170.64906311035156,0.10335,0.0,1,1
59,76,79,new line.l(r:p3rdt67lv-p3rlv142),170.69940185546875,0.0560404,0.0,1,1
60,80,81,new line.l(r:p3rdt68lv-p3rlv128),169.8357696533203,0.0469224,0.0,1,1
61,80,82,new line.l(r:p3rdm125-p3rdt68lv),169.7456512451172,0.019588,0.0,1,1
62,82,83,new line.l(r:p3rdm125-p3rlv115),169.9051513671875,0.0473655,0.0,1,1
63,84,85,new line.l(r:p3rdt69lv-p3rlv116),171.55966186523438,0.0714783,0.0,1,1
64,84,86,new line.l(r:p3rdt69lv-p3rlv152),171.2064971923828,0.0208194,0.0,1,1
65,84,87,new line.l(r:p3rdm128-p3rdt69lv),171.1431884765625,0.019578,0.0,1,1
66,84,89,new line.l(r:p3rdm129-p3rdt69lv),171.05270385742188,0.019588,0.0,1,1
67,87,88,new line.l(r:p3rdm128-p3rlv120),171.44859313964844,0.0893744,0.0,1,1
68,89,90,new line.l(r:p3rdm129-p3rlv147),171.12765502929688,0.0577301,0.0,1,1
69,91,92,new line.l(r:p3rdt70lv-p3rlv117),169.5902862548828,0.0689837,0.0,1,1
70,91,93,new line.l(r:p3rdt70lv-p3rlv129),169.7455596923828,0.049381,0.0,1,1
71,91,94,new line.l(r:p3rdm133-p3rdt70lv),169.36083984375,0.019588,0.0,1,1
72,94,95,new line.l(r:p3rdm133-p3rlv155),169.5495147705078,0.0501841,0.0,1,1
73,96,97,new line.l(r:p3rdt71lv-p3rlv118),172.26686096191406,0.04165100000000001,0.0,1,1
74,96,98,new line.l(r:p3rdt71lv-p3rlv123),172.26686096191406,0.0421972,0.0,1,1
75,96,99,new line.l(r:p3rdt71lv-p3rlv143),172.3618927001953,0.0511537,0.0,1,1
76,96,100,new line.l(r:p3rdt71lv-p3rlv146),172.2770233154297,0.060663100000000005,0.0,1,1
77,96,101,new line.l(r:p3rdt71lv-p3rlv149),172.1468505859375,0.0213069,0.0,1,1
78,96,102,new line.l(r:p3rdm136-p3rdt71lv),171.98992919921875,0.0122942,0.0,1,1
79,102,103,new line.l(r:p3rdm136-p3rlv130),172.00770568847656,0.00805732,0.0,1,1
80,104,105,new line.l(r:p3rdt72lv-p3rlv119),169.12945556640625,0.0367539,0.0,1,1
81,104,106,new line.l(r:p3rdt72lv-p3rlv136),169.1533966064453,0.0367539,0.0,1,1
82,107,108,new line.l(r:p3rdt73lv-p3rlv121),168.1022491455078,0.0611437,0.0,1,1
83,109,110,new line.l(r:p3rdm143-p3rlv122),170.1851348876953,0.0440601,0.0,1,1
84,111,109,new line.l(r:p3rdm143-p3rdt74lv),170.24449157714844,0.039166,0.0,1,1
85,111,112,new line.l(r:p3rdm144-p3rdt74lv),170.42527770996094,0.0195877,0.0,1,1
86,112,113,new line.l(r:p3rdm144-p3rlv138),170.9708251953125,0.0476155,0.0,1,1
87,112,114,new line.l(r:p3rdm144-p3rdm145),170.59103393554688,0.019578,0.0,1,1
88,114,115,new line.l(r:p3rdm145-p3rlv150),170.96517944335938,0.0235511,0.0,1,1
89,116,117,new line.l(r:p3rdt75lv-p3rlv125),170.6011962890625,0.001,0.0,1,1
90,118,119,new line.l(r:p3rdt76lv-p3rlv126),169.9609375,0.0283752,0.0,1,1
91,118,120,new line.l(r:p3rdt76lv-p3rlv132),170.2434539794922,0.03274740000000001,0.0,1,1
92,118,121,new line.l(r:p3rdt76lv-p3rlv137),170.18458557128906,0.0044908,0.0,1,1
93,122,123,new line.l(r:p3rdt77lv-p3rlv133),170.6714324951172,0.0552275,0.0,1,1
94,122,124,new line.l(r:p3rdm150-p3rdt77lv),170.42527770996094,0.0195877,0.0,1,1
95,122,126,new line.l(r:p3rdm152-p3rdt77lv),170.62709045410156,0.039166,0.0,1,1
96,124,125,new line.l(r:p3rdm150-p3rlv127),170.52491760253906,0.0285548,0.0,1,1
97,126,127,new line.l(r:p3rdm152-p3rlv156),170.93133544921875,0.0211975,0.0,1,1
98,128,129,new line.l(r:p3rdt78lv-p3rlv131),167.0305938720703,0.055066,0.0,1,1
99,130,131,new line.l(r:p3rdt79lv-p3rlv134),169.162841796875,0.0355408,0.0,1,1
100,132,133,new line.l(r:p3rdt80lv-p3rlv135),170.17869567871094,0.0339405,0.0,1,1
101,134,135,new line.l(r:p3rdt81lv-p3rlv139),169.29930114746094,0.015572,0.0,1,1
102,134,136,new line.l(r:p3rdt81lv-p3rlv235),169.14041137695312,0.0182126,0.0,1,1
103,134,137,new line.l(r:p3rdt81lv-p3rlv241),169.3023681640625,0.0230863,0.0,1,1
104,134,138,new line.l(r:p3rdt81lv-p3rlv245),169.3023681640625,0.0239571,0.0,1,1
105,139,140,new line.l(r:p3rdt82lv-p3rlv144),171.4646453857422,0.001,0.0,1,1
106,141,142,new line.l(r:p3rdt83lv-p3rlv148),169.49951171875,0.0387442,0.0,1,1
107,143,144,new line.l(r:p3rdt84lv-p3rlv154),171.60775756835938,0.001,0.0,1,1
108,145,146,new line.l(r:p3rdt85lv-p3rlv157),168.46849060058594,0.0545134,0.0,1,1
109,147,148,new line.l(r:p3rdt104lv-p3rlv185),190.77598571777344,0.018428200000000002,0.0,1,1
110,149,150,new line.l(r:p3rdt105lv-p3rlv186),193.025146484375,0.0392436,0.0,1,1
111,151,152,new line.l(r:p3rdt106lv-p3rlv190),193.51040649414062,0.0129966,0.0,1,1
112,151,153,new line.l(r:p3rdm193-p3rdt106lv),193.5054168701172,0.0158685,0.0,1,1
113,151,156,new line.l(r:p3rdm196-p3rdt106lv),192.94869995117188,0.0158656,0.0,1,1
114,153,154,new line.l(r:p3rdm193-p3rlv187),193.79934692382812,0.013556000000000002,0.0,1,1
115,153,155,new line.l(r:p3rdm193-p3rlv188),193.4434356689453,0.005673,0.0,1,1
116,156,157,new line.l(r:p3rdm196-p3rlv192),192.84767150878906,0.0113656,0.0,1,1
117,158,159,new line.l(r:p3rdt107lv-p3rlv189),191.38751220703125,0.0403274,0.0,1,1
118,160,161,new line.l(r:p3rdt108lv-p3rlv199),197.34226989746094,0.0148475,0.0,1,1
119,160,162,new line.l(r:p3rdt108lv-p3rlv202),197.87974548339844,0.0129766,0.0,1,1
120,160,163,new line.l(r:p3rdm198-p3rdt108lv),195.26663208007812,0.103768,0.0,1,1
121,160,165,new line.l(r:p3rdm201-p3rdt108lv),197.93955993652344,0.029504700000000002,0.0,1,1
122,163,164,new line.l(r:p3rdm198-p3rlv191),194.5790252685547,0.0189705,0.0,1,1
123,165,166,new line.l(r:p3rdm201-p3rlv208),197.50259399414062,0.03542,0.0,1,1
124,167,168,new line.l(r:p3rdt109lv-p3rlv194),200.52142333984375,0.0444138,0.0,1,1
125,167,169,new line.l(r:p3rdt109lv-p3rlv201),200.67860412597656,0.0651934,0.0,1,1
126,167,170,new line.l(r:p3rdm202-p3rdt109lv),199.96368408203125,0.01904,0.0,1,1
127,170,171,new line.l(r:p3rdm202-p3rlv193),200.225830078125,0.0747837,0.0,1,1
128,172,173,new line.l(r:p3rdt110lv-p3rlv195),223.87368774414062,0.0868223,0.0,1,1
129,174,175,new line.l(r:p3rdt111lv-p3rlv196),198.95791625976562,0.023802600000000004,0.0,1,1
130,176,177,new line.l(r:p3rdt112lv-p3rlv197),202.53807067871094,0.0522764,0.0,1,1
131,176,178,new line.l(r:p3rdt112lv-p3rlv198),207.74978637695312,0.036571,0.0,1,1
132,179,180,new line.l(r:p3rdt114lv-p3rlv203),207.0700225830078,0.056043,0.0,1,1
133,179,181,new line.l(r:p3rdm211-p3rdt114lv),206.81959533691406,0.0166946,0.0,1,1
134,181,182,new line.l(r:p3rdm211-p3rlv204),206.62074279785156,0.037964700000000004,0.0,1,1
135,181,183,new line.l(r:p3rdm211-p3rdm212),206.10638427734375,0.0166885,0.0,1,1
136,183,184,new line.l(r:p3rdm212-p3rlv206),206.72979736328125,0.118441,0.0,1,1
137,185,186,new line.l(r:p3rdt115lv-p3rlv205),219.15145874023438,0.00837969,0.0,1,1
138,185,187,new line.l(r:p3rdt115lv-p3rlv207),219.16038513183594,0.00837969,0.0,1,1
139,188,189,new line.l(r:p3rdt117lv-p3rlv211),161.34857177734375,0.0158845,0.0,1,1
140,190,191,new line.l(r:p3rdt118lv-p3rlv212),161.60694885253906,0.00263638,0.0,1,1
141,192,193,new line.l(r:p3rdt119lv-p3rlv214),161.63705444335938,0.001,0.0,1,1
142,192,194,new line.l(r:p3rdm219-p3rdt119lv),161.7976837158203,0.0362992,0.0,1,1
143,194,195,new line.l(r:p3rdm219-p3rlv213),161.55471801757812,0.008336500000000002,0.0,1,1
144,194,196,new line.l(r:p3rdm219-p3rdm221),161.8173370361328,0.102921,0.0,1,1
145,196,197,new line.l(r:p3rdm221-p3rlv217),162.0885467529297,0.00708071,0.0,1,1
146,198,199,new line.l(r:p3rdt120lv-p3rlv215),160.9066925048828,0.007436800000000001,0.0,1,1
147,200,201,new line.l(r:p3rdt121lv-p3rlv216),161.221923828125,0.0163328,0.0,1,1
148,202,203,new line.l(r:p3rdt128lv-p3rlv230),231.42013549804688,0.00662999,0.0,1,1
149,202,204,new line.l(r:p3rdt128lv-p3rlv231),229.41712951660156,0.0212354,0.0,1,1
150,202,205,new line.l(r:p3rdt128lv-p3rlv232),231.42013549804688,0.0146493,0.0,1,1
151,206,207,new line.l(r:p3rdt129lv-p3rlv233),164.91632080078125,0.0139623,0.0,1,1
152,208,209,new line.l(r:p3rdt130lv-p3rlv234),167.48179626464844,0.001,0.0,1,1
153,210,211,new line.l(r:p3rdm241-p3rlv236),167.50653076171875,0.066876,0.0,1,1
154,212,210,new line.l(r:p3rdm241-p3rdt131lv),167.88165283203125,0.0198611,0.0,1,1
155,212,213,new line.l(r:p3rdm242-p3rdt131lv),167.81800842285156,0.0198512,0.0,1,1
156,213,214,new line.l(r:p3rdm242-p3rlv244),167.30545043945312,0.0952272,0.0,1,1
157,215,216,new line.l(r:p3rdt132lv-p3rlv237),163.98175048828125,0.0969935,0.0,1,1
158,217,218,new line.l(r:p3rdt133lv-p3rlv238),169.96871948242188,0.0488766,0.0,1,1
159,219,220,new line.l(r:p3rdt134lv-p3rlv239),164.2538604736328,0.0309557,0.0,1,1
160,219,221,new line.l(r:p3rdt134lv-p3rlv243),164.37718200683594,0.020665400000000004,0.0,1,1
161,219,222,new line.l(r:p3rdt134lv-p3rlv246),164.29859924316406,0.0148754,0.0,1,1
162,223,224,new line.l(r:p3rdt135lv-p3rlv240),169.1072540283203,0.0820018,0.0,1,1
163,225,226,new line.l(r:p3rdt136lv-p3rlv242),164.3683624267578,0.0915598,0.0,1,1
164,227,228,new line.l(r:p3rdt152lv-p3rlv275),170.5614471435547,0.0175893,0.0,1,1
165,229,230,new line.l(r:p3rdt153lv-p3rlv276),188.208984375,0.0557192,0.0,1,1
166,229,231,new line.l(r:p3rdt153lv-p3rlv277),188.63084411621094,0.0439522,0.0,1,1
167,229,232,new line.l(r:p3rdt153lv-p3rlv316),189.0067901611328,0.059797600000000006,0.0,1,1
168,229,233,new line.l(r:p3rdt153lv-p3rlv317),188.8756561279297,0.0333076,0.0,1,1
169,229,234,new line.l(r:p3rdt153lv-p3rlv325),188.6708221435547,0.00730632,0.0,1,1
170,235,236,new line.l(r:p3rdt154lv-p3rlv278),180.60508728027344,0.001,0.0,1,1
171,237,238,new line.l(r:p3rdt155lv-p3rlv279),225.90391540527344,0.0101819,0.0,1,1
172,237,239,new line.l(r:p3rdt155lv-p3rlv280),226.29920959472656,0.0101819,0.0,1,1
173,240,241,new line.l(r:p3rdt156lv-p3rlv281),222.62928771972656,0.0152426,0.0,1,1
174,240,242,new line.l(r:p3rdt156lv-p3rlv285),223.55870056152344,0.0152426,0.0,1,1
175,243,244,new line.l(r:p3rdt157lv-p3rlv282),215.990478515625,0.0676212,0.0,1,1
176,243,245,new line.l(r:p3rdt157lv-p3rlv284),222.14553833007812,0.0300277,0.0,1,1
177,243,246,new line.l(r:p3rdt157lv-p3rlv286),221.75997924804688,0.0502627,0.0,1,1
178,243,247,new line.l(r:p3rdt157lv-p3rlv287),219.5169677734375,0.00266027,0.0,1,1
179,248,249,new line.l(r:p3rdt158lv-p3rlv288),229.64512634277344,0.05657,0.0,1,1
180,248,250,new line.l(r:p3rdm289-p3rdt158lv),233.85670471191406,0.0182342,3.6,1,1
181,250,251,new line.l(r:p3rdm289-p3rlv283),234.97625732421875,0.00908509,6.0,1,1
182,252,253,new line.l(r:p3rdm295-p3rlv293),173.43865966796875,0.0276237,0.0,1,1
183,252,254,new line.l(r:p3rdm295-p3rlv310),173.20823669433594,0.0931234,0.0,1,1
184,255,252,new line.l(r:p3rdm295-p3rdt161lv),174.20034790039062,0.0199803,0.0,1,1
185,255,256,new line.l(r:p3rdm296-p3rdt161lv),174.68739318847656,0.0199804,0.0,1,1
186,256,257,new line.l(r:p3rdm296-p3rlv307),173.54913330078125,0.0624215,0.0,1,1
187,256,258,new line.l(r:p3rdm294-p3rdm296),175.348388671875,0.0183737,0.0,1,1
188,258,259,new line.l(r:p3rdm294-p3rlv292),174.29647827148438,0.04026620000000001,0.0,1,1
189,260,261,new line.l(r:p3rdt162lv-p3rlv313),183.923828125,0.00958151,5.8,1,1
190,260,262,new line.l(r:p3rdm298-p3rdt162lv),182.35147094726562,0.0638118,1.6,1,1
191,260,264,new line.l(r:p3rdm299-p3rdt162lv),185.0476837158203,0.073776,0.4,1,1
192,262,263,new line.l(r:p3rdm298-p3rlv294),181.33151245117188,0.009642,0.0,1,1
193,264,265,new line.l(r:p3rdm299-p3rlv312),186.3558807373047,0.0186251,0.0,1,1
194,266,267,new line.l(r:p3rdt163lv-p3rlv295),169.30545043945312,0.0991748,0.0,1,1
195,266,268,new line.l(r:p3rdm302-p3rdt163lv),169.2250518798828,0.0177002,0.0,1,1
196,266,271,new line.l(r:p3rdm303-p3rdt163lv),169.3290557861328,0.017710200000000002,0.0,1,1
197,268,269,new line.l(r:p3rdm302-p3rlv299),169.10809326171875,0.0763971,0.0,1,1
198,268,270,new line.l(r:p3rdm302-p3rlv304),169.03265380859375,0.04614,0.0,1,1
199,271,272,new line.l(r:p3rdm303-p3rlv300),169.36705017089844,0.05823840000000001,0.0,1,1
200,273,274,new line.l(r:p3rdt164lv-p3rlv296),187.42672729492188,0.0133995,0.0,1,1
201,273,275,new line.l(r:p3rdt164lv-p3rlv298),187.42672729492188,0.00756838,0.0,1,1
202,276,277,new line.l(r:p3rdt165lv-p3rlv297),164.3246612548828,0.0317724,0.0,0,1
203,278,279,new line.l(r:p3rdt166lv-p3rlv301),172.91940307617188,0.0105129,0.0,1,1
204,278,280,new line.l(r:p3rdt166lv-p3rlv305),172.6363067626953,0.0122813,0.0,1,1
205,278,281,new line.l(r:p3rdm310-p3rdt166lv),172.604248046875,0.01844,0.0,1,1
206,281,282,new line.l(r:p3rdm310-p3rlv306),172.28814697265625,0.0229144,0.0,1,1
207,283,284,new line.l(r:p3rdt167lv-p3rlv302),163.26043701171875,0.0317299,0.0,0,1
208,285,286,new line.l(r:p3rdt168lv-p3rlv303),183.74267578125,0.0189933,6.3,1,1
209,285,287,new line.l(r:p3rdt168lv-p3rlv311),183.94834899902344,0.0189933,4.9,1,1
210,288,289,new line.l(r:p3rdt169lv-p3rlv308),172.7788543701172,0.0426523,0.0,1,1
211,290,291,new line.l(r:p3rdt170lv-p3rlv309),165.07310485839844,0.018657400000000005,0.0,0,1
212,292,293,new line.l(r:p3rdm316-p3rlv314),257.1986389160156,0.0507476,0.0,1,1
213,294,292,new line.l(r:p3rdm316-p3rdt171lv),259.4114685058594,0.0139868,0.0,1,1
214,294,295,new line.l(r:p3rdm317-p3rdt171lv),261.25299072265625,0.0139843,0.0,1,1
215,295,296,new line.l(r:p3rdm317-p3rlv315),260.96258544921875,0.0505725,2.8,1,1
216,297,298,new line.l(r:p3rdt178lv-p3rlv326),167.98081970214844,0.0129234,0.0,1,1
217,297,299,new line.l(r:p3rdt178lv-p3rlv327),167.84481811523438,0.0213842,0.0,1,1
218,297,300,new line.l(r:p3rdt178lv-p3rlv328),168.05654907226562,0.0171539,0.0,1,1
219,297,301,new line.l(r:p3rdt178lv-p3rlv330),167.85223388671875,0.0188446,0.0,1,1
220,302,303,new line.l(r:p3rdt179lv-p3rlv329),167.86766052246094,0.001,0.0,1,1
221,304,305,new line.l(r:p3rdt313lv-p3rlv619),557.8978881835938,0.0917139,4.9,1,1
222,306,307,new line.l(r:p3rdt314lv-p3rlv620),529.8971557617188,0.00434053,0.0,1,1
223,308,309,new line.l(r:p3rdm673-p3rlv664),474.2901611328125,0.0124204,0.0,1,1
224,310,308,new line.l(r:p3rdm673-p3rdt347lv),473.2230529785156,0.018124100000000004,2.4,1,1
225,310,311,new line.l(r:p3rdm674-p3rdt347lv),472.827880859375,0.0155907,0.0,1,1
226,311,312,new line.l(r:p3rdm674-p3rlv665),472.83203125,0.0070772100000000004,0.0,1,1
227,313,314,new line.l(r:p3rdt434lv-p3rlv803),238.4402313232422,0.0142048,0.0,1,1
228,313,315,new line.l(r:p3rdt434lv-p3rlv805),238.3069305419922,0.00630313,0.0,1,1
229,313,316,new line.l(r:p3rdt434lv-p3rlv808),238.4209747314453,0.020632,0.0,1,1
230,313,317,new line.l(r:p3rdt434lv-p3rlv809),237.82717895507812,0.021977300000000005,5.5,1,1
231,318,319,new line.l(r:p3rdt435lv-p3rlv804),262.2945556640625,0.0587946,9.7,1,1
232,318,320,new line.l(r:p3rdt435lv-p3rlv807),261.16290283203125,0.0195518,8.1,1,1
233,321,322,new line.l(r:p3rdt436lv-p3rlv806),259.13922119140625,0.005683470000000001,9.0,1,1
234,323,324,new line.l(r:p3rdt437lv-p3rlv810),240.38299560546875,0.040419,13.4,1,1
235,325,326,new line.l(r:p3rdm832-p3rlv811),248.64666748046875,0.0115128,10.0,1,1
236,327,325,new line.l(r:p3rdm832-p3rdt438lv),249.02194213867188,0.00905219,10.0,1,1
237,327,328,new line.l(r:p3rdm833-p3rdt438lv),249.75624084472656,0.0233897,8.6,1,1
238,328,329,new line.l(r:p3rdm833-p3rlv1000),248.6814422607422,0.00432897,8.0,1,1
239,330,331,new line.l(r:p3rdt439lv-p3rlv812),237.93228149414062,0.0136191,23.0,1,1
240,332,333,new line.l(r:p3rdt440lv-p3rlv813),275.5289001464844,0.001,0.0,1,1
241,334,335,new line.l(r:p3rdt494lv-p3rlv907),456.3459167480469,0.00995181,23.0,1,1
242,336,337,new line.l(r:p3rdt538lv-p3rlv996),274.501708984375,0.0106157,9.6,1,1
243,338,339,new line.l(r:p3rdt539lv-p3rlv997),249.42108154296875,0.0540977,0.0,1,1
244,340,341,new line.l(r:p3rdt541lv-p3rlv999),247.6959686279297,0.0222436,6.0,1,1
245,342,343,new line.l(r:p3rdt542lv-p3rlv1001),261.8822937011719,0.0268331,8.0,1,1
246,342,344,new line.l(r:p3rdt542lv-p3rlv1004),263.5102844238281,0.066009,8.6,1,1
247,345,346,new line.l(r:p3rdt543lv-p3rlv1002),257.64434814453125,0.0137828,7.2,1,1
248,347,348,new line.l(r:p3rdt544lv-p3rlv1003),250.65927124023438,0.0209635,8.9,1,1
249,349,350,new line.l(r:p3rdt545lv-p3rlv1005),263.04693603515625,0.0549256,10.0,1,1
250,351,352,new line.l(r:p3rdt547lv-p3rlv1007),255.3682861328125,0.0135232,17.2,1,1
251,353,354,new line.l(r:p3rdt955lv-p3rlv1703),319.2685852050781,0.0275029,0.0,1,1
252,353,355,new line.l(r:p3rdt955lv-p3rlv1708),317.7392883300781,0.0106141,0.0,1,1
253,356,357,new line.l(r:p3rdm1717-p3rlv1704),290.145751953125,0.024840700000000004,9.6,1,1
254,358,356,new line.l(r:p3rdm1717-p3rdt956lv),291.46649169921875,0.00889182,0.0,1,1
255,358,359,new line.l(r:p3rdm1718-p3rdt956lv),296.44097900390625,0.0688865,2.8,1,1
256,359,360,new line.l(r:p3rdm1718-p3rlv1721),301.24371337890625,0.0139097,6.0,1,1
257,361,362,new line.l(r:p3rdt957lv-p3rlv1705),291.9815673828125,0.0169974,0.0,1,1
258,363,364,new line.l(r:p3rdt959lv-p3rlv1707),311.5710754394531,0.017718700000000004,6.6,1,1
259,365,366,new line.l(r:p3rdt960lv-p3rlv1709),285.1543884277344,0.0200762,0.0,1,1
260,367,368,new line.l(r:p3rdt961lv-p3rlv1711),325.1045837402344,0.00378345,10.0,1,1
261,369,370,new line.l(r:p3rdt962lv-p3rlv1712),316.7595520019531,0.0722188,2.0,1,1
262,371,372,new line.l(r:p3rdt963lv-p3rlv1713),344.0091552734375,0.0279044,2.8,1,1
263,373,374,new line.l(r:p3rdt964lv-p3rlv1714),315.1703796386719,0.027952300000000003,7.0,1,1
264,375,376,new line.l(r:p3rdt966lv-p3rlv1716),289.41046142578125,0.027663,4.2,1,1
265,377,378,new line.l(r:p3rdm1729-p3rlv1720),267.8607482910156,0.0402668,8.6,1,1
266,379,377,new line.l(r:p3rdm1729-p3rdt967lv),257.3775329589844,0.0382853,4.2,1,1
267,379,380,new line.l(r:p3rdm1730-p3rdt967lv),255.13412475585938,0.0382853,3.0,1,1
268,380,381,new line.l(r:p3rdm1730-p3rlv1895),253.7269744873047,0.0166816,8.4,1,1
269,382,383,new line.l(r:p3rdm1767-p3rlv1762),396.17138671875,0.0179066,6.3,1,1
270,384,382,new line.l(r:p3rdm1767-p3rdt988lv),395.41387939453125,0.0566346,2.1,1,1
271,384,385,new line.l(r:p3rdm1768-p3rdt988lv),396.5765380859375,0.038805700000000005,0.0,1,1
272,385,386,new line.l(r:p3rdm1768-p3rlv1763),396.5827331542969,0.00533563,0.0,1,1
273,385,387,new line.l(r:p3rdm1766-p3rdm1768),396.5859375,0.034206200000000006,0.0,1,1
274,387,388,new line.l(r:p3rdm1766-p3rlv1759),396.8425598144531,0.00460825,0.0,1,1
275,389,390,new line.l(r:p3rdt1001lv-p3rlv1780),410.8501892089844,0.008150120000000002,0.0,1,1
276,389,391,new line.l(r:p3rdm1783-p3rdt1001lv),412.3785400390625,0.0738965,0.0,1,1
277,389,393,new line.l(r:p3rdm1785-p3rdt1001lv),410.4608154296875,0.0373746,5.6,1,1
278,391,392,new line.l(r:p3rdm1783-p3rlv1779),416.1348876953125,0.0285214,0.0,1,1
279,393,394,new line.l(r:p3rdm1785-p3rlv1781),409.8740234375,0.00621181,7.0,1,1
280,395,396,new line.l(r:p3rdm1859-p3rlv1861),627.4249267578125,0.0263669,2.9,1,1
281,397,395,new line.l(r:p3rdm1859-p3rdt1052lv),628.4369506835938,0.0175529,8.0,1,1
282,397,398,new line.l(r:p3rdm1860-p3rdt1052lv),629.7760620117188,0.035099,7.1,1,1
283,398,399,new line.l(r:p3rdm1860-p3rlv1879),632.6954345703125,0.022465,10.5,1,1
284,400,401,new line.l(r:p3rdt1053lv-p3rlv1867),632.95263671875,0.0248222,18.1,1,1
285,400,402,new line.l(r:p3rdm1861-p3rdt1053lv),630.1154174804688,0.0346745,13.1,1,1
286,402,403,new line.l(r:p3rdm1861-p3rlv1862),630.0474243164062,0.0026313900000000004,10.8,1,1
287,404,405,new line.l(r:p3rdt1055lv-p3rlv1866),612.9232177734375,0.0174111,0.0,1,1
288,404,406,new line.l(r:p3rdm1864-p3rdt1055lv),615.4298706054688,0.0376495,5.6,1,1
289,404,408,new line.l(r:p3rdm1866-p3rdt1055lv),615.5145874023438,0.025654,1.0,1,1
290,406,407,new line.l(r:p3rdm1864-p3rlv1864),615.0174560546875,0.0142321,8.0,1,1
291,408,409,new line.l(r:p3rdm1866-p3rlv1873),609.615966796875,0.0447083,1.5,1,1
292,410,411,new line.l(r:p3rdt1056lv-p3rlv1865),630.7928466796875,0.022327800000000002,0.0,1,1
293,410,412,new line.l(r:p3rdt1056lv-p3rlv1880),630.7928466796875,0.0154106,0.0,1,1
294,410,413,new line.l(r:p3rdm1869-p3rdt1056lv),630.8502197265625,0.00974459,0.0,1,1
295,413,414,new line.l(r:p3rdm1869-p3rlv1881),630.2883911132812,0.00996619,0.0,1,1
296,415,416,new line.l(r:p3rdt1058lv-p3rlv1869),628.936767578125,0.0396959,12.5,1,1
297,417,418,new line.l(r:p3rdt1059lv-p3rlv1870),585.4281005859375,0.0132208,8.0,0,1
298,417,419,new line.l(r:p3rdt1059lv-p3rlv1876),584.5429077148438,0.0298375,8.2,0,1
299,420,421,new line.l(r:p3rdt1060lv-p3rlv1871),624.837890625,0.0584684,8.7,1,1
300,422,423,new line.l(r:p3rdt1062lv-p3rlv1874),614.8871459960938,0.007758570000000001,11.0,0,1
301,424,425,new line.l(r:p3rdt1063lv-p3rlv1875),623.0640258789062,0.0682728,2.6,1,1
302,426,427,new line.l(r:p3rdt1064lv-p3rlv1877),603.6155395507812,0.03542240000000001,4.8,0,1
303,428,429,new line.l(r:p3rdt1065lv-p3rlv1878),621.132080078125,0.0160295,0.0,1,1
304,430,431,new line.l(r:p3rdt1066lv-p3rlv1882),613.0733642578125,0.0182598,7.0,1,1
305,432,433,new line.l(r:p3rdm1888-p3rlv1890),339.06805419921875,0.00813183,10.0,1,1
306,432,434,new line.l(r:p3rdm1888-p3rlv1892),339.2110290527344,0.0103298,10.0,1,1
307,435,432,new line.l(r:p3rdm1888-p3rdt1071lv),336.27020263671875,0.018013,10.8,1,1
308,435,436,new line.l(r:p3rdm1890-p3rdt1071lv),335.57427978515625,0.0522278,11.0,1,1
309,436,437,new line.l(r:p3rdm1890-p3rlv1896),334.7419738769531,0.0301208,6.2,1,1
310,438,439,new line.l(r:p3rdm1891-p3rlv1891),294.8531188964844,0.0093949,8.0,1,1
311,440,438,new line.l(r:p3rdm1891-p3rdt1072lv),290.9071044921875,0.0616697,9.2,1,1
312,440,441,new line.l(r:p3rdm1892-p3rdt1072lv),287.4402770996094,0.0160282,8.8,1,1
313,441,442,new line.l(r:p3rdm1892-p3rlv1899),281.2120056152344,0.0263207,8.4,1,1
314,443,444,new line.l(r:p3rdm1893-p3rlv1893),252.16448974609375,0.0238912,7.0,1,1
315,445,443,new line.l(r:p3rdm1893-p3rdt1073lv),253.90695190429688,0.05383380000000001,0.7,1,1
316,445,446,new line.l(r:p3rdm1894-p3rdt1073lv),256.3509521484375,0.0511182,8.1,1,1
317,446,447,new line.l(r:p3rdm1894-p3rlv1897),256.85137939453125,0.00356546,9.0,1,1
318,448,449,new line.l(r:p3rdt1074lv-p3rlv1894),259.93017578125,0.0174466,3.3,1,1
319,448,450,new line.l(r:p3rdm1896-p3rdt1074lv),258.6721496582031,0.0162336,0.0,1,1
320,450,451,new line.l(r:p3rdm1896-p3rlv1900),258.3941345214844,0.0049025,0.0,1,1
321,452,453,new line.l(r:p3rdt1075lv-p3rlv1898),328.76568603515625,0.036354300000000006,3.5,1,1
322,454,455,new line.l(r:p3rdt1076lv-p3rlv1903),603.7177734375,0.052646000000000005,21.1,1,1
323,454,456,new line.l(r:p3rdt1076lv-p3rlv1922),603.6663208007812,0.050936,21.1,1,1
324,454,457,new line.l(r:p3rdm1899-p3rdt1076lv),603.7293090820312,0.025619300000000005,8.2,1,1
325,457,458,new line.l(r:p3rdm1899-p3rlv1904),603.25927734375,0.009720630000000001,8.0,1,1
326,459,460,new line.l(r:p3rdt1077lv-p3rlv1905),593.1034545898438,0.0146291,22.8,1,1
327,461,462,new line.l(r:p3rdt1078lv-p3rlv1906),612.6620483398438,0.0791524,2.4,1,1
328,463,464,new line.l(r:p3rdt1079lv-p3rlv1908),615.0360717773438,0.0526502,8.1,1,1
329,463,465,new line.l(r:p3rdm1903-p3rdt1079lv),609.3055419921875,0.0492986,5.1,1,1
330,465,466,new line.l(r:p3rdm1903-p3rlv1907),609.7107543945312,0.0165109,0.0,1,1
331,467,468,new line.l(r:p3rdt1080lv-p3rlv1918),617.3175659179688,0.0341116,13.7,1,1
332,467,469,new line.l(r:p3rdm1905-p3rdt1080lv),615.7888793945312,0.017601,21.7,1,1
333,467,471,new line.l(r:p3rdm1907-p3rdt1080lv),615.5655517578125,0.017601,23.0,1,1
334,469,470,new line.l(r:p3rdm1905-p3rlv1909),615.8092651367188,0.0167796,12.5,1,1
335,471,472,new line.l(r:p3rdm1907-p3rlv1920),613.6007690429688,0.014053800000000002,31.1,1,1
336,473,474,new line.l(r:p3rdt1081lv-p3rlv1910),617.3719482421875,0.00839658,0.0,1,1
337,473,475,new line.l(r:p3rdt1081lv-p3rlv1916),617.1758422851562,0.00839658,0.0,1,1
338,476,477,new line.l(r:p3rdt1082lv-p3rlv1911),621.1231079101562,0.0133806,9.0,1,1
339,478,479,new line.l(r:p3rdt1083lv-p3rlv1912),623.511962890625,0.00719576,31.0,1,1
340,478,480,new line.l(r:p3rdt1083lv-p3rlv1921),623.4838256835938,0.00357816,31.0,1,1
341,481,482,new line.l(r:p3rdt1084lv-p3rlv1913),600.9358520507812,0.0251219,18.0,1,1
342,483,484,new line.l(r:p3rdt1085lv-p3rlv1915),614.9943237304688,0.0264351,7.0,1,1
343,485,486,new line.l(r:p3rdt1086lv-p3rlv1917),610.342529296875,0.0358915,11.9,1,1
344,487,488,new line.l(r:p3rdt1087lv-p3rlv1919),608.3287353515625,0.06354,36.4,0,1
345,489,490,new line.l(r:p3rdt1447lv-p3rlv2642),167.2397003173828,0.001,0.0,1,1
346,491,492,new line.l(r:p3rdt1452lv-p3rlv2648),166.90892028808594,0.001,0.0,1,1
347,493,494,new line.l(r:p3rdt1454lv-p3rlv2652),166.75103759765625,0.001,0.0,1,1
348,495,496,new line.l(r:p3rdt1057-p3rdt1062),611.8815307617188,0.137879,9.1,0,1
349,496,745,new line.padswitch(r:p3rdt1057-p3rdt1062)p3r_812,614.6688232421875,0.001,10.2,1,0
350,497,498,new line.l(r:p3rdt1079-p3rdt1082),613.0996704101562,0.200162,5.5,1,1
351,498,476,transformer.tr(r:p3rdt1082-p3rdt1082lv),620.8413696289062,0,9.0,1,2
352,499,500,new line.l(r:p3rdt1078-p3rdt1083),606.6765747070312,0.474184,4.8,1,1
353,499,501,new line.l(r:p3rdt1081-p3rdt1083),607.2814331054688,0.340446,6.4,1,1
354,499,478,transformer.tr(r:p3rdt1083-p3rdt1083lv),623.4838256835938,0,31.0,1,2
355,500,461,transformer.tr(r:p3rdt1078-p3rdt1078lv),603.5635375976562,0,2.0,1,2
356,501,473,transformer.tr(r:p3rdt1081-p3rdt1081lv),617.3719482421875,0,0.0,1,2
357,502,499,new line.l(r:p3rdt1076-p3rdt1083),616.1873779296875,0.140631,28.6,1,1
358,503,504,new line.l(r:p3rdt1-p3rdt2),206.47116088867188,0.076564,0.0,1,1
359,504,7,transformer.tr(r:p3rdt2-p3rdt2lv),206.5074920654297,0,0.0,1,2
360,505,506,new line.l(r:p3rdt179-p3rdt78)_s0,166.67970275878906,0.373317,0.0,1,1
361,505,302,transformer.tr(r:p3rdt179-p3rdt179lv),167.8006134033203,0,0.0,1,2
362,506,507,new line.l(r:p3rdt179-p3rdt78)_s1,166.2613983154297,0.22773300000000002,0.0,1,1
363,507,128,transformer.tr(r:p3rdt78-p3rdt78lv),166.98968505859375,0,0.0,1,2
364,508,505,new line.l(r:p3rdt178-p3rdt179),167.82431030273438,0.0457644,0.0,1,1
365,508,297,transformer.tr(r:p3rdt178-p3rdt178lv),167.95086669921875,0,0.0,1,2
366,509,508,new line.l(r:p3rdt154-p3rdt178),173.00987243652344,0.782845,0.0,1,1
367,509,235,transformer.tr(r:p3rdt154-p3rdt154lv),180.60508728027344,0,0.0,1,2
368,510,509,new line.l(r:p3rdt154-p3rdt176),180.62318420410156,0.110383,0.0,1,1
369,511,512,new line.l(r:p3rdt157-p3rdt159),222.46876525878906,0.0959136,0.0,1,1
370,512,243,transformer.tr(r:p3rdt157-p3rdt157lv),219.5169677734375,0,0.0,1,2
371,513,514,new line.l(r:p3rdt961-p3rdt962),329.9671630859375,0.622594,6.1,1,1
372,513,369,transformer.tr(r:p3rdt962-p3rdt962lv),307.32843017578125,0,0.0,1,2
373,514,367,transformer.tr(r:p3rdt961-p3rdt961lv),325.1045837402344,0,10.0,1,2
374,515,513,new line.l(r:p3rdt955-p3rdt962),312.0517272949219,0.05956260000000001,0.0,1,1
375,515,353,transformer.tr(r:p3rdt955-p3rdt955lv),318.5038146972656,0,0.0,1,2
376,516,515,new line.l(r:p3rdt955-p3rdt959),318.62799072265625,0.566504,2.7,1,1
377,517,518,new line.l(r:p3rdt112-p3rdt114),207.0785675048828,0.0324335,0.0,1,1
378,517,179,transformer.tr(r:p3rdt114-p3rdt114lv),206.81959533691406,0,0.0,1,2
379,518,176,transformer.tr(r:p3rdt112-p3rdt112lv),207.49143981933594,0,0.0,1,2
380,519,517,new line.l(r:p3rdt109-p3rdt114),203.5243682861328,0.299924,0.0,1,1
381,519,167,transformer.tr(r:p3rdt109-p3rdt109lv),200.25389099121094,0,0.0,1,2
382,520,521,new line.l(r:p3rdt109-p3rdt115)_s0,203.0634307861328,0.358721,0.0,1,1
383,521,519,new line.l(r:p3rdt109-p3rdt115)_s1,203.38087463378906,0.11248,0.0,1,1
384,522,523,new line.l(r:p3rdt110-p3rdt115)_s0,225.7583770751953,0.131317,0.0,1,1
385,523,524,new line.l(r:p3rdt110-p3rdt115)_s1,225.7583770751953,0.0328893,0.0,1,1
386,524,172,transformer.tr(r:p3rdt110-p3rdt110lv),225.37530517578125,0,0.0,1,2
387,525,526,new line.l(r:p3rdt105-p3rdt106),193.66812133789062,0.208066,0.0,1,1
388,526,151,transformer.tr(r:p3rdt106-p3rdt106lv),193.2264404296875,0,0.0,1,2
389,527,528,new line.l(r:p3rdt10-p3rdt6),177.65863037109375,0.163945,0.0,1,1
390,528,31,transformer.tr(r:p3rdt10-p3rdt10lv),177.2895050048828,0,0.0,1,2
391,529,530,new line.l(r:p3rdt12-p3rdt3),171.81993103027344,0.001,0.0,1,1
392,529,35,transformer.tr(r:p3rdt12-p3rdt12lv),171.81549072265625,0,0.0,1,2
393,530,13,transformer.tr(r:p3rdt3-p3rdt3lv),171.81993103027344,0,0.0,1,2
394,531,529,new line.l(r:p3rdt12-p3rdt69),171.44107055664062,0.117497,0.0,1,1
395,532,533,new line.l(r:p3rdt65-p3rdt80),169.77264404296875,0.120533,0.0,1,1
396,533,68,transformer.tr(r:p3rdt65-p3rdt65lv),169.65304565429688,0,0.0,1,2
397,534,535,new line.l(r:p3rdt73-p3rdt85),168.23248291015625,0.039165700000000005,0.0,1,1
398,534,145,transformer.tr(r:p3rdt85-p3rdt85lv),168.34799194335938,0,0.0,1,2
399,535,107,transformer.tr(r:p3rdt73-p3rdt73lv),168.09451293945312,0,0.0,1,2
400,536,534,new line.l(r:p3rdt79-p3rdt85),168.5316925048828,0.058754,0.0,1,1
401,536,130,transformer.tr(r:p3rdt79-p3rdt79lv),168.7477264404297,0,0.0,1,2
402,537,536,new line.l(r:p3rdt66-p3rdt79),168.8791961669922,0.039165700000000005,0.0,1,1
403,537,70,transformer.tr(r:p3rdt66-p3rdt66lv),168.95054626464844,0,0.0,1,2
404,538,537,new line.l(r:p3rdt66-p3rdt83),168.98965454101562,0.019588,0.0,1,1
405,538,141,transformer.tr(r:p3rdt83-p3rdt83lv),169.0438232421875,0,0.0,1,2
406,539,538,new line.l(r:p3rdt70-p3rdt83),169.20391845703125,0.058753700000000006,0.0,1,1
407,539,91,transformer.tr(r:p3rdt70-p3rdt70lv),169.45693969726562,0,0.0,1,2
408,540,539,new line.l(r:p3rdt68-p3rdt70),169.59007263183594,0.039165700000000005,0.0,1,1
409,540,80,transformer.tr(r:p3rdt68-p3rdt68lv),169.7052764892578,0,0.0,1,2
410,541,540,new line.l(r:p3rdt68-p3rdt80),169.780029296875,0.039166,0.0,1,1
411,542,543,new line.l(r:p3rdt71-p3rdt82),171.6501007080078,0.186948,0.0,1,1
412,543,139,transformer.tr(r:p3rdt82-p3rdt82lv),171.4507293701172,0,0.0,1,2
413,544,545,new line.l(r:p3rdt72-p3rdt76),169.607421875,0.106513,0.0,1,1
414,544,118,transformer.tr(r:p3rdt76-p3rdt76lv),170.14646911621094,0,0.0,1,2
415,545,104,transformer.tr(r:p3rdt72-p3rdt72lv),169.1110382080078,0,0.0,1,2
416,546,544,new line.l(r:p3rdt75-p3rdt76),170.26361083984375,0.119176,0.0,1,1
417,546,116,transformer.tr(r:p3rdt75-p3rdt75lv),170.6011962890625,0,0.0,1,2
418,547,546,new line.l(r:p3rdt75-p3rdt84),170.82676696777344,0.121625,0.0,1,1
419,547,143,transformer.tr(r:p3rdt84-p3rdt84lv),171.50636291503906,0,0.0,1,2
420,548,549,new line.l(r:p3rdt71-p3rdt84)_s0,171.68112182617188,0.159821,0.0,1,1
421,549,547,new line.l(r:p3rdt71-p3rdt84)_s1,171.56472778320312,0.0154586,0.0,1,1
422,550,551,new line.l(r:p3rdt129-p3rdt134)_s0,164.4245147705078,0.118559,0.0,1,1
423,550,553,new line.l(r:p3rdt129-p3rdt136),164.7381591796875,0.0198611,0.0,1,1
424,550,206,transformer.tr(r:p3rdt129-p3rdt129lv),164.79745483398438,0,0.0,1,2
425,551,552,new line.l(r:p3rdt129-p3rdt134)_s1,164.36422729492188,0.0271136,0.0,1,1
426,552,219,transformer.tr(r:p3rdt134-p3rdt134lv),164.27725219726562,0,0.0,1,2
427,553,554,new line.l(r:p3rdt132-p3rdt136),164.52252197265625,0.0595635,0.0,1,1
428,553,225,transformer.tr(r:p3rdt136-p3rdt136lv),164.7381591796875,0,0.0,1,2
429,554,215,transformer.tr(r:p3rdt132-p3rdt132lv),164.35870361328125,0,0.0,1,2
430,555,556,new line.l(r:p3rdt129-p3rdt131)_s0,167.45706176757812,0.238484,0.0,1,1
431,555,558,new line.l(r:p3rdt130-p3rdt131)_s0,167.47552490234375,0.10513,0.0,1,1
432,555,212,transformer.tr(r:p3rdt131-p3rdt131lv),167.84910583496094,0,0.0,1,2
433,556,557,new line.l(r:p3rdt129-p3rdt131)_s1,166.3468017578125,0.205012,0.0,1,1
434,557,550,new line.l(r:p3rdt129-p3rdt131)_s2,165.43661499023438,0.17204,0.0,1,1
435,558,559,new line.l(r:p3rdt130-p3rdt131)_s1,167.50106811523438,0.0172333,0.0,1,1
436,559,208,transformer.tr(r:p3rdt130-p3rdt130lv),167.3739013671875,0,0.0,1,2
437,560,555,new line.l(r:p3rdt131-p3rdt135),168.24923706054688,0.203432,0.0,1,1
438,560,223,transformer.tr(r:p3rdt135-p3rdt135lv),168.97544860839844,0,0.0,1,2
439,561,560,new line.l(r:p3rdt135-p3rdt81),169.1083221435547,0.018692500000000004,0.0,1,1
440,561,134,transformer.tr(r:p3rdt81-p3rdt81lv),169.1998291015625,0,0.0,1,2
441,562,561,new line.l(r:p3rdt67-p3rdt81),169.7337188720703,0.532727,0.0,1,1
442,563,564,new line.l(r:p3rdt119-p3rdt120),161.9417266845703,0.129852,0.0,1,1
443,563,198,transformer.tr(r:p3rdt120-p3rdt120lv),160.9481964111328,0,0.0,1,2
444,564,192,transformer.tr(r:p3rdt119-p3rdt119lv),161.63705444335938,0,0.0,1,2
445,565,563,new line.l(r:p3rdt120-p3rdt121),161.25607299804688,0.0523921,0.0,1,1
446,565,200,transformer.tr(r:p3rdt121-p3rdt121lv),161.221923828125,0,0.0,1,2
447,566,565,new line.l(r:p3rdt117-p3rdt121),161.21188354492188,0.0200504,0.0,1,1
448,566,188,transformer.tr(r:p3rdt117-p3rdt117lv),161.4073028564453,0,0.0,1,2
449,567,566,new line.l(r:p3rdt117-p3rdt118),161.45184326171875,0.048171700000000005,0.0,1,1
450,567,190,transformer.tr(r:p3rdt118-p3rdt118lv),161.68243408203125,0,0.0,1,2
451,568,569,new line.l(r:p3rdt118-p3rdt40)_s0,165.88055419921875,0.190441,0.0,1,1
452,568,60,transformer.tr(r:p3rdt40-p3rdt40lv),172.00506591796875,0,0.0,1,2
453,569,567,new line.l(r:p3rdt118-p3rdt40)_s1,162.38046264648438,0.866685,0.0,1,1
454,570,571,new line.l(r:p3rdt40-p3rdt42)_s0,170.582763671875,0.165121,0.0,1,1
455,570,64,transformer.tr(r:p3rdt42-p3rdt42lv),170.9189453125,0,0.0,1,2
456,571,568,new line.l(r:p3rdt40-p3rdt42)_s1,168.56692504882812,0.422631,0.0,1,1
457,572,570,new line.l(r:p3rdt152-p3rdt42),170.84048461914062,0.0387663,0.0,1,1
458,572,227,transformer.tr(r:p3rdt152-p3rdt152lv),170.68624877929688,0,0.0,1,2
459,573,572,new line.l(r:p3rdt133-p3rdt152),170.50062561035156,0.0775325,0.0,1,1
460,573,217,transformer.tr(r:p3rdt133-p3rdt133lv),170.3328399658203,0,0.0,1,2
461,574,573,new line.l(r:p3rdt133-p3rdt67),170.46322631835938,0.464363,0.0,1,1
462,575,576,new line.l(r:p3rdt16-p3rdt4),183.2537384033203,0.031642,0.0,1,1
463,575,37,transformer.tr(r:p3rdt16-p3rdt16lv),182.76055908203125,0,0.0,1,2
464,576,21,transformer.tr(r:p3rdt4-p3rdt4lv),183.59521484375,0,0.0,1,2
465,577,575,new line.l(r:p3rdt107-p3rdt16),185.13575744628906,0.513133,0.0,1,1
466,578,579,new line.l(r:p3rdt161-p3rdt163),171.9202880859375,0.263693,0.0,1,1
467,579,266,transformer.tr(r:p3rdt163-p3rdt163lv),169.29275512695312,0,0.0,1,2
468,580,581,new line.l(r:p3rdt1447-p3rdt1452),167.33853149414062,0.0416233,0.0,1,1
469,581,489,transformer.tr(r:p3rdt1447-p3rdt1447lv),167.19659423828125,0,0.0,1,2
470,582,583,new line.l(r:p3rdt162-p3rdt168),185.38967895507812,0.272987,1.5,1,1
471,583,285,transformer.tr(r:p3rdt168-p3rdt168lv),183.8644561767578,0,7.0,1,2
472,584,585,new line.l(r:p3rdt434-p3rdt440),259.0158386230469,0.48477,0.3,1,1
473,585,313,transformer.tr(r:p3rdt434-p3rdt434lv),238.3069305419922,0,0.0,1,2
474,586,587,new line.l(r:p3rdt435-p3rdt440)_s0,264.84185791015625,0.356058,7.5,1,1
475,587,588,new line.l(r:p3rdt435-p3rdt440)_s1,266.3560791015625,0.0196524,8.2,1,1
476,588,318,transformer.tr(r:p3rdt435-p3rdt435lv),260.23431396484375,0,7.5,1,2
477,589,590,new line.l(r:p3rdt437-p3rdt439),234.24749755859375,0.18968,32.6,1,1
478,589,323,transformer.tr(r:p3rdt437-p3rdt437lv),241.63755798339844,0,10.0,1,2
479,590,330,transformer.tr(r:p3rdt439-p3rdt439lv),237.93228149414062,0,23.0,1,2
480,591,589,new line.l(r:p3rdt436-p3rdt437),253.7720947265625,0.326637,8.5,1,1
481,591,321,transformer.tr(r:p3rdt436-p3rdt436lv),259.13922119140625,0,9.0,1,2
482,592,591,new line.l(r:p3rdt436-p3rdt956),284.6971130371094,0.413519,6.2,1,1
483,592,358,transformer.tr(r:p3rdt956-p3rdt956lv),291.46649169921875,0,0.0,1,2
484,593,594,new line.l(r:p3rdt956-p3rdt960),285.0638732910156,0.08945600000000002,4.8,1,1
485,594,751,new line.l(r:p3rdt956-p3rdt960)_disconnect,283.3236083984375,0.001,6.0,1,1
486,595,596,new line.l(r:p3rdt957-p3rdt963),307.726806640625,0.463068,1.8,1,1
487,595,361,transformer.tr(r:p3rdt957-p3rdt957lv),287.7322082519531,0,0.0,1,2
488,596,371,transformer.tr(r:p3rdt963-p3rdt963lv),341.3168029785156,0,7.0,1,2
489,597,595,new line.l(r:p3rdt957-p3rdt960),289.0074768066406,0.0753389,0.9,1,1
490,598,599,new line.l(r:p3rdt438-p3rdt538),259.0687561035156,0.320532,9.8,1,1
491,599,327,transformer.tr(r:p3rdt438-p3rdt438lv),249.02194213867188,0,10.0,1,2
492,600,601,new line.l(r:p3rdt542-p3rdt545),259.986572265625,0.001,13.0,1,1
493,600,342,transformer.tr(r:p3rdt542-p3rdt542lv),258.64044189453125,0,9.0,1,2
494,601,349,transformer.tr(r:p3rdt545-p3rdt545lv),259.986572265625,0,13.0,1,2
495,602,600,new line.l(r:p3rdt539-p3rdt542),248.06997680664062,0.189149,6.0,1,1
496,602,338,transformer.tr(r:p3rdt539-p3rdt539lv),246.94667053222656,0,0.0,1,2
497,603,602,new line.l(r:p3rdt539-p3rdt541),246.1035919189453,0.087724,5.4,1,1
498,603,604,new line.l(r:p3rdt541-p3rdt543),250.69503784179688,0.154083,4.8,1,1
499,603,607,new line.l(r:p3rdt1072-p3rdt541),272.7142639160156,0.300735,5.5,1,1
500,603,340,transformer.tr(r:p3rdt541-p3rdt541lv),248.4727783203125,0,6.0,1,2
501,604,345,transformer.tr(r:p3rdt543-p3rdt543lv),258.9189758300781,0,9.0,1,2
502,605,606,new line.l(r:p3rdt1071-p3rdt1075),333.2000732421875,0.116657,7.6,1,1
503,605,452,transformer.tr(r:p3rdt1075-p3rdt1075lv),324.0867614746094,0,7.0,1,2
504,606,435,transformer.tr(r:p3rdt1071-p3rdt1071lv),337.9151916503906,0,12.0,1,2
505,607,605,new line.l(r:p3rdt1072-p3rdt1075),309.8608093261719,0.186856,5.6,1,1
506,607,440,transformer.tr(r:p3rdt1072-p3rdt1072lv),287.7261657714844,0,10.0,1,2
507,608,603,new line.l(r:p3rdt541-p3rdt547),250.65478515625,0.1231,13.6,1,1
508,609,610,new line.l(r:p3rdt544-p3rdt547),253.71170043945312,0.228144,8.9,1,1
509,610,347,transformer.tr(r:p3rdt544-p3rdt544lv),250.70504760742188,0,8.0,1,2
510,611,612,new line.l(r:p3rdt1077-p3rdt494),584.1370849609375,0.11545000000000001,15.7,1,1
511,611,459,transformer.tr(r:p3rdt1077-p3rdt1077lv),590.4348754882812,0,15.0,1,2
512,612,752,new line.l(r:p3rdt1077-p3rdt494)_disconnect,573.47802734375,0.001,28.3,1,1
513,613,611,new line.l(r:p3rdt1077-p3rdt1086),598.6013793945312,0.158271,5.5,1,1
514,614,615,new line.l(r:p3rdt1059-p3rdt1064),597.169189453125,0.102454,7.0,0,1
515,615,747,new line.padswitch(r:p3rdt1059-p3rdt1064)p3r_822,586.5142211914062,0.001,7.6,1,0
516,616,617,new line.l(r:p3rdt1064-p3rdt1087),586.7752075195312,0.0534317,23.8,0,1
517,617,746,new line.padswitch(r:p3rdt1064-p3rdt1087)p3r_824,598.4854736328125,0.001,14.3,1,0
518,618,619,new line.l(r:p3rdt1085-p3rdt1087),620.5657958984375,0.7040790000000001,20.3,1,1
519,619,616,new line.padswitch(r:p3rdt1064-p3rdt1087)p3r_823,590.1614379882812,0.001,45.0,1,0
520,619,487,transformer.tr(r:p3rdt1087-p3rdt1087lv),590.1614379882812,0,45.0,1,2
521,620,621,new line.l(r:p3rdt1053-p3rdt1058),630.7736206054688,0.0173386,14.1,1,1
522,620,415,transformer.tr(r:p3rdt1058-p3rdt1058lv),630.1154174804688,0,14.1,1,2
523,621,400,transformer.tr(r:p3rdt1053-p3rdt1053lv),631.7640380859375,0,14.0,1,2
524,622,620,new line.l(r:p3rdt1056-p3rdt1058),630.652587890625,0.0520008,8.4,1,1
525,622,410,transformer.tr(r:p3rdt1056-p3rdt1056lv),630.8502197265625,0,0.0,1,2
526,623,622,new line.l(r:p3rdt1056-p3rdt1065),623.8671875,0.150455,0.0,1,1
527,623,428,transformer.tr(r:p3rdt1065-p3rdt1065lv),622.22802734375,0,0.0,1,2
528,624,623,new line.l(r:p3rdt1052-p3rdt1065),625.834228515625,0.125892,1.5,1,1
529,625,626,new line.l(r:p3rdt0-p3rdt1)_s0,213.15570068359375,0.157774,0.0,1,1
530,625,1,transformer.tr(r:p3rdt0-p3rdt0lv),217.78012084960938,0,0.0,1,2
531,626,627,new line.l(r:p3rdt0-p3rdt1)_s1,205.97950744628906,0.00174706,0.0,1,1
532,627,729,new line.l(r:p3rdt1-p3rdt153),196.35752868652344,0.715973,0.0,1,1
533,627,503,new line.fuse(r:p3rdt1-p3rdt2)p3r_957,205.7941131591797,0.001,0.0,1,1
534,627,3,transformer.tr(r:p3rdt1-p3rdt1lv),206.07435607910156,0,0.0,1,2
535,628,629,new line.l(r:p3rdt0-p3rdt171),256.66802978515625,0.07949170000000001,0.0,1,1
536,628,633,new line.l(r:p3rdt158-p3rdt171),251.38807678222656,0.750279,0.4,1,1
537,628,294,transformer.tr(r:p3rdt171-p3rdt171lv),259.7115783691406,0,0.0,1,2
538,629,754,new line.l(r:p3rdt0-p3rdt171)_disconnect,252.15374755859375,0.001,0.0,1,1
539,630,631,new line.l(r:p3rdt156-p3rdt159),223.2144012451172,0.0794102,0.0,1,1
540,630,240,transformer.tr(r:p3rdt156-p3rdt156lv),223.42449951171875,0,0.0,1,2
541,631,511,new line.fuse(r:p3rdt157-p3rdt159)p3r_986,222.40806579589844,0.001,0.0,1,1
542,631,731,transformer.tr(r:p3rdt159-p3rdt159lv),222.40806579589844,0,0.0,1,2
543,632,630,new line.l(r:p3rdt155-p3rdt156),224.2952117919922,0.0761102,0.0,1,1
544,632,237,transformer.tr(r:p3rdt155-p3rdt155lv),225.90391540527344,0,0.0,1,2
545,633,634,new line.l(r:p3rdt155-p3rdt158)_s0,230.68450927734375,0.0723002,0.0,1,1
546,633,248,transformer.tr(r:p3rdt158-p3rdt158lv),232.9884033203125,0,0.0,1,2
547,634,632,new line.l(r:p3rdt155-p3rdt158)_s1,226.6202850341797,0.051985100000000006,0.0,1,1
548,635,636,new line.l(r:p3rdt1001-p3rdt171)_s0,454.7264709472656,2.55082,3.4,1,1
549,635,698,new line.goab_disswitch(r:p3rdt1001-p3rdt988)p3r_1298,410.8501892089844,0.001,0.0,1,0
550,635,389,transformer.tr(r:p3rdt1001-p3rdt1001lv),410.8501892089844,0,0.0,1,2
551,636,637,new line.l(r:p3rdt1001-p3rdt171)_s1,355.2857971191406,0.851965,2.4,1,1
552,637,628,new line.l(r:p3rdt1001-p3rdt171)_s2,263.8125915527344,0.192738,1.6,1,1
553,638,639,new line.l(r:p3rdt74-p3rdt80),170.1497802734375,0.0783417,0.0,1,1
554,638,111,transformer.tr(r:p3rdt74-p3rdt74lv),170.35198974609375,0,0.0,1,2
555,639,532,new line.fuse(r:p3rdt65-p3rdt80)p3r_974,169.84007263183594,0.001,0.0,1,1
556,639,541,new line.fuse(r:p3rdt68-p3rdt80)p3r_975,169.90345764160156,0.001,0.0,1,1
557,639,132,transformer.tr(r:p3rdt80-p3rdt80lv),169.90345764160156,0,0.0,1,2
558,640,638,new line.l(r:p3rdt74-p3rdt77),170.42527770996094,0.0195877,0.0,1,1
559,640,122,transformer.tr(r:p3rdt77-p3rdt77lv),170.48631286621094,0,0.0,1,2
560,641,640,new line.l(r:p3rdt69-p3rdt77),170.8595428466797,0.0979198,0.0,1,1
561,641,531,new line.fuse(r:p3rdt12-p3rdt69)p3r_971,171.15609741210938,0.001,0.0,1,1
562,641,84,transformer.tr(r:p3rdt69-p3rdt69lv),171.09487915039062,0,0.0,1,2
563,642,641,new line.l(r:p3rdt69-p3rdt71),171.5885772705078,0.134885,0.0,1,1
564,642,542,new line.fuse(r:p3rdt71-p3rdt82)p3r_972,171.98252868652344,0.001,0.0,1,1
565,642,548,new line.fuse(r:p3rdt71-p3rdt84)p3r_973,171.96372985839844,0.001,0.0,1,1
566,642,96,transformer.tr(r:p3rdt71-p3rdt71lv),171.98252868652344,0,0.0,1,2
567,643,644,new line.l(r:p3rdt11-p3rdt71)_s0,175.09266662597656,0.17355,0.0,1,1
568,643,33,transformer.tr(r:p3rdt11-p3rdt11lv),176.96368408203125,0,0.0,1,2
569,644,642,new line.l(r:p3rdt11-p3rdt71)_s1,172.67477416992188,0.228864,0.0,1,1
570,645,646,new line.l(r:p3rdt11-p3rdt6)_s0,177.23805236816406,0.118044,0.0,1,1
571,645,647,new line.l(r:p3rdt6-p3rdt67),174.45652770996094,0.7717910000000001,0.0,1,1
572,645,527,new line.fuse(r:p3rdt10-p3rdt6)p3r_960,177.93333435058594,0.001,0.0,1,1
573,645,26,transformer.tr(r:p3rdt6-p3rdt6lv),177.83554077148438,0,0.0,1,2
574,646,643,new line.l(r:p3rdt11-p3rdt6)_s1,176.96368408203125,0.0118444,0.0,1,1
575,647,562,new line.fuse(r:p3rdt67-p3rdt81)p3r_969,171.1383819580078,0.001,0.0,1,1
576,647,574,new line.fuse(r:p3rdt133-p3rdt67)p3r_970,171.1383819580078,0.001,0.0,1,1
577,647,76,transformer.tr(r:p3rdt67-p3rdt67lv),171.1383819580078,0,0.0,1,2
578,648,649,new line.l(r:p3rdt107-p3rdt6),190.59825134277344,0.0976139,0.0,1,1
579,648,577,new line.fuse(r:p3rdt107-p3rdt16)p3r_980,191.0200958251953,0.001,0.0,1,1
580,648,675,new line.goab_disswitch(r:p3rdt104-p3rdt107)p3r_1332,191.0200958251953,0.001,0.0,1,0
581,648,158,transformer.tr(r:p3rdt107-p3rdt107lv),191.0200958251953,0,0.0,1,2
582,649,755,new line.l(r:p3rdt107-p3rdt6)_disconnect,189.93588256835938,0.001,0.0,1,1
583,650,651,new line.l(r:p3rdt1446-p3rdt1454),167.2822265625,0.0752059,0.0,1,1
584,650,493,transformer.tr(r:p3rdt1454-p3rdt1454lv),166.75103759765625,0,0.0,1,2
585,651,737,transformer.tr(r:p3rdt1446-p3rdt1446lv),167.49395751953125,0,0.0,1,2
586,652,650,new line.l(r:p3rdt1452-p3rdt1454),166.92018127441406,0.0491747,0.0,1,1
587,652,580,new line.fuse(r:p3rdt1447-p3rdt1452)p3r_1246,166.95652770996094,0.001,0.0,1,1
588,652,491,transformer.tr(r:p3rdt1452-p3rdt1452lv),166.95652770996094,0,0.0,1,2
589,653,654,new line.l(r:p3rdt1452-p3rdt167)_s0,164.21224975585938,0.181603,0.0,0,1
590,654,655,new line.l(r:p3rdt1452-p3rdt167)_s1,165.48947143554688,0.45012,0.0,1,1
591,655,652,new line.padswitch(r:p3rdt1452-p3rdt167)p3r_816,166.95652770996094,0.001,0.0,1,0
592,656,657,new line.l(r:p3rdt165-p3rdt167),165.5428466796875,0.0391047,0.0,0,1
593,657,748,new line.padswitch(r:p3rdt165-p3rdt167)p3r_818,164.83831787109375,0.001,0.0,1,0
594,658,659,new line.l(r:p3rdt165-p3rdt170),165.93499755859375,0.0395887,0.0,0,1
595,659,749,new line.padswitch(r:p3rdt165-p3rdt170)p3r_820,165.16871643066406,0.001,0.0,1,0
596,660,661,new line.l(r:p3rdt169-p3rdt170),170.2880096435547,0.411362,0.0,1,1
597,660,288,transformer.tr(r:p3rdt169-p3rdt169lv),173.18617248535156,0,0.0,1,2
598,661,658,new line.padswitch(r:p3rdt165-p3rdt170)p3r_819,166.13900756835938,0.001,0.0,1,0
599,661,290,transformer.tr(r:p3rdt170-p3rdt170lv),166.49127197265625,0,0.0,1,2
600,662,660,new line.l(r:p3rdt166-p3rdt169),173.0848388671875,0.01844,0.0,1,1
601,662,278,transformer.tr(r:p3rdt166-p3rdt166lv),172.91940307617188,0,0.0,1,2
602,663,662,new line.l(r:p3rdt161-p3rdt166),176.31732177734375,0.178335,0.0,1,1
603,663,578,new line.fuse(r:p3rdt161-p3rdt163)p3r_987,174.4312744140625,0.001,0.0,1,1
604,663,255,transformer.tr(r:p3rdt161-p3rdt161lv),174.4312744140625,0,0.0,1,2
605,664,663,new line.l(r:p3rdt161-p3rdt162),178.72059631347656,0.2664190000000001,0.4,1,1
606,664,582,new line.fuse(r:p3rdt162-p3rdt168)p3r_988,183.2003173828125,0.001,4.0,1,1
607,664,260,transformer.tr(r:p3rdt162-p3rdt162lv),183.2003173828125,0,4.0,1,2
608,665,664,new line.l(r:p3rdt162-p3rdt164),185.6890411376953,0.108376,0.8,1,1
609,665,273,transformer.tr(r:p3rdt164-p3rdt164lv),187.24595642089844,0,0.0,1,2
610,666,665,new line.l(r:p3rdt164-p3rdt37),192.39794921875,0.172754,0.0,1,1
611,666,52,transformer.tr(r:p3rdt37-p3rdt37lv),196.22720336914062,0,0.0,1,2
612,667,666,new line.l(r:p3rdt37-p3rdt39),197.20492553710938,0.0343949,0.0,1,1
613,667,58,transformer.tr(r:p3rdt39-p3rdt39lv),198.8717803955078,0,0.0,1,2
614,668,667,new line.l(r:p3rdt35-p3rdt39),199.06784057617188,0.0171925,0.0,1,1
615,668,39,transformer.tr(r:p3rdt35-p3rdt35lv),199.52476501464844,0,0.0,1,2
616,669,668,new line.l(r:p3rdt35-p3rdt36),203.2838592529297,0.0824659,0.0,1,1
617,669,50,transformer.tr(r:p3rdt36-p3rdt36lv),205.47262573242188,0,0.0,1,2
618,670,671,new line.l(r:p3rdt36-p3rdt38)_s0,222.6556854248047,0.139268,0.0,1,1
619,670,56,transformer.tr(r:p3rdt38-p3rdt38lv),223.1807403564453,0,0.0,1,2
620,671,669,new line.l(r:p3rdt36-p3rdt38)_s1,214.0835418701172,0.020678700000000005,0.0,1,1
621,672,670,new line.l(r:p3rdt128-p3rdt38),296.0155944824219,0.697846,1.3,1,1
622,672,202,transformer.tr(r:p3rdt128-p3rdt128lv),230.55307006835938,0,0.0,1,2
623,673,674,new line.l(r:p3rdt104-p3rdt128)_s0,190.33509826660156,0.141815,0.0,1,1
624,673,147,transformer.tr(r:p3rdt104-p3rdt104lv),190.0584716796875,0,0.0,1,2
625,674,672,new line.l(r:p3rdt104-p3rdt128)_s1,194.76390075683594,2.1468,1.3,1,1
626,675,673,new line.l(r:p3rdt104-p3rdt107),190.31285095214844,0.405027,0.0,1,1
627,676,648,new line.l(r:p3rdt105-p3rdt107),192.25732421875,0.116688,0.0,1,1
628,677,678,new line.l(r:p3rdt105-p3rdt108),194.68260192871094,0.161111,0.0,1,1
629,677,160,transformer.tr(r:p3rdt108-p3rdt108lv),197.34226989746094,0,0.0,1,2
630,678,525,new line.fuse(r:p3rdt105-p3rdt106)p3r_979,193.3830108642578,0.001,0.0,1,1
631,678,676,new line.goab_disswitch(r:p3rdt105-p3rdt107)p3r_1315,193.1820831298828,0.001,0.0,1,0
632,678,149,transformer.tr(r:p3rdt105-p3rdt105lv),193.37896728515625,0,0.0,1,2
633,679,677,new line.l(r:p3rdt108-p3rdt111),198.76983642578125,0.0981932,0.0,1,1
634,679,174,transformer.tr(r:p3rdt111-p3rdt111lv),199.5530548095703,0,0.0,1,2
635,680,681,new line.l(r:p3rdt111-p3rdt115)_s0,210.2083282470703,0.251013,0.0,1,1
636,680,742,new line.l(r:p3rdt113-p3rdt115),219.2933807373047,0.063236,0.0,1,1
637,680,520,new line.fuse(r:p3rdt109-p3rdt115)p3r_981,205.54641723632812,0.001,0.0,1,1
638,680,522,new line.fuse(r:p3rdt110-p3rdt115)p3r_982,225.26168823242188,0.001,0.0,1,1
639,680,185,transformer.tr(r:p3rdt115-p3rdt115lv),219.16038513183594,0,0.0,1,2
640,681,679,new line.l(r:p3rdt111-p3rdt115)_s1,201.88983154296875,0.505101,0.0,1,1
641,682,680,new line.l(r:p3rdt115-p3rdt440),232.58921813964844,0.449941,0.6,1,1
642,682,584,new line.fuse(r:p3rdt434-p3rdt440)p3r_1055,275.52459716796875,0.001,0.0,1,1
643,682,586,new line.fuse(r:p3rdt435-p3rdt440)p3r_1056,266.3560791015625,0.001,6.2,1,1
644,682,332,transformer.tr(r:p3rdt440-p3rdt440lv),275.5460510253906,0,0.0,1,2
645,683,684,new line.l(r:p3rdt440-p3rdt960)_s0,268.21051025390625,0.14989,3.1,1,1
646,683,593,new line.fuse(r:p3rdt956-p3rdt960)p3r_1163,285.5886535644531,0.001,0.0,1,1
647,683,597,new line.fuse(r:p3rdt957-p3rdt960)p3r_1164,286.2258605957031,0.001,0.0,1,1
648,683,365,transformer.tr(r:p3rdt960-p3rdt960lv),286.2258605957031,0,0.0,1,2
649,684,682,new line.l(r:p3rdt440-p3rdt960)_s1,312.07379150390625,0.901745,3.5,1,1
650,685,683,new line.l(r:p3rdt960-p3rdt966),285.8031311035156,0.0962247,4.8,1,1
651,685,375,transformer.tr(r:p3rdt966-p3rdt966lv),284.2013854980469,0,6.0,1,2
652,686,685,new line.l(r:p3rdt959-p3rdt966),288.4364318847656,0.479236,8.0,1,1
653,686,516,new line.fuse(r:p3rdt955-p3rdt959)p3r_1162,309.7658386230469,0.001,6.0,1,1
654,686,693,new line.goab_disswitch(r:p3rdt1074-p3rdt959)p3r_1347,312.0616149902344,0.001,6.0,1,0
655,686,363,transformer.tr(r:p3rdt959-p3rdt959lv),311.7505187988281,0,6.0,1,2
656,687,688,new line.l(r:p3rdt538-p3rdt547),258.9053955078125,0.20368,4.7,1,1
657,687,598,new line.fuse(r:p3rdt438-p3rdt538)p3r_1082,274.2259826660156,0.001,9.0,1,1
658,687,336,transformer.tr(r:p3rdt538-p3rdt538lv),274.2259826660156,0,9.6,1,2
659,688,608,new line.fuse(r:p3rdt541-p3rdt547)p3r_1083,255.3682861328125,0.001,20.0,1,1
660,688,609,new line.fuse(r:p3rdt544-p3rdt547)p3r_1084,255.3682861328125,0.001,20.0,1,1
661,688,351,transformer.tr(r:p3rdt547-p3rdt547lv),255.2476806640625,0,20.0,1,2
662,689,690,new line.l(r:p3rdt538-p3rdt967),256.24114990234375,0.08026699999999999,6.2,1,1
663,689,379,transformer.tr(r:p3rdt967-p3rdt967lv),254.879638671875,0,0.0,1,2
664,690,756,new line.l(r:p3rdt538-p3rdt967)_disconnect,255.736328125,0.001,2.5,1,1
665,691,689,new line.l(r:p3rdt1073-p3rdt967),255.68528747558594,0.161809,4.0,1,1
666,691,445,transformer.tr(r:p3rdt1073-p3rdt1073lv),255.4165802001953,0,0.0,1,2
667,692,691,new line.l(r:p3rdt1073-p3rdt1074),257.079833984375,0.115489,4.5,1,1
668,692,448,transformer.tr(r:p3rdt1074-p3rdt1074lv),258.6721496582031,0,0.0,1,2
669,693,694,new line.l(r:p3rdt1074-p3rdt959),311.0854187011719,0.0840779,4.0,1,1
670,694,757,new line.l(r:p3rdt1074-p3rdt959)_disconnect,321.0918884277344,0.001,3.2,1,1
671,695,686,new line.l(r:p3rdt959-p3rdt964),315.6296691894531,0.0695144,6.9,1,1
672,695,373,transformer.tr(r:p3rdt964-p3rdt964lv),317.88201904296875,0,7.0,1,2
673,696,697,new line.l(r:p3rdt964-p3rdt988),389.8153076171875,0.113856,0.9,1,1
674,696,384,transformer.tr(r:p3rdt988-p3rdt988lv),396.13250732421875,0,0.0,1,2
675,697,758,new line.l(r:p3rdt964-p3rdt988)_disconnect,380.95880126953125,0.001,2.3,1,1
676,698,699,new line.l(r:p3rdt1001-p3rdt988),409.0184020996094,0.09271650000000001,2.1,1,1
677,699,759,new line.l(r:p3rdt1001-p3rdt988)_disconnect,405.1180419921875,0.001,0.8,1,1
678,700,701,new line.l(r:p3rdt1001-p3rdt313),538.773193359375,0.151864,1.5,1,1
679,701,760,new line.l(r:p3rdt1001-p3rdt313)_disconnect,524.4246215820312,0.001,2.0,1,1
680,702,703,new line.l(r:p3rdt1084-p3rdt313),604.4788818359375,0.08993630000000002,3.1,1,1
681,703,761,new line.l(r:p3rdt1084-p3rdt313)_disconnect,598.3075561523438,0.001,2.0,1,1
682,704,705,new line.l(r:p3rdt1076-p3rdt1084),606.6449584960938,0.143151,9.2,1,1
683,704,502,new line.fuse(r:p3rdt1076-p3rdt1083)p3r_1179,604.5396118164062,0.001,20.8,1,1
684,704,454,transformer.tr(r:p3rdt1076-p3rdt1076lv),604.5396118164062,0,18.1,1,2
685,705,702,new line.recloser_disswitch(r:p3rdt1084-p3rdt313)p3r_1313,601.6878051757812,0.001,11.5,1,1
686,705,481,transformer.tr(r:p3rdt1084-p3rdt1084lv),601.6878051757812,0,12.0,1,2
687,706,704,new line.l(r:p3rdt1076-p3rdt1086),605.7158813476562,0.136962,13.4,1,1
688,706,613,new line.fuse(r:p3rdt1077-p3rdt1086)p3r_1182,608.995361328125,0.001,8.0,1,1
689,706,485,transformer.tr(r:p3rdt1086-p3rdt1086lv),608.15478515625,0,8.0,1,2
690,707,706,new line.l(r:p3rdt1079-p3rdt1086),610.2372436523438,0.05864550000000001,9.2,1,1
691,707,497,new line.fuse(r:p3rdt1079-p3rdt1082)p3r_1180,611.8441772460938,0.001,9.0,1,1
692,707,463,transformer.tr(r:p3rdt1079-p3rdt1079lv),611.2144775390625,0,9.0,1,2
693,708,707,new line.l(r:p3rdt1079-p3rdt1085),611.9608764648438,0.0984994,2.5,1,1
694,708,618,new line.fuse(r:p3rdt1085-p3rdt1087)p3r_1181,614.7804565429688,0.001,1.0,1,1
695,708,483,transformer.tr(r:p3rdt1085-p3rdt1085lv),614.9661865234375,0,10.0,1,2
696,709,708,new line.l(r:p3rdt1080-p3rdt1085),614.0667114257812,0.0528026,18.3,1,1
697,709,467,transformer.tr(r:p3rdt1080-p3rdt1080lv),615.1089477539062,0,23.0,1,2
698,710,709,new line.l(r:p3rdt1063-p3rdt1080),616.79345703125,0.22783100000000003,11.7,1,1
699,710,424,transformer.tr(r:p3rdt1063-p3rdt1063lv),615.4298706054688,0,8.0,1,2
700,711,710,new line.l(r:p3rdt1055-p3rdt1063),615.9746704101562,0.0188273,4.0,1,1
701,711,404,transformer.tr(r:p3rdt1055-p3rdt1055lv),615.106201171875,0,0.0,1,2
702,712,711,new line.l(r:p3rdt1055-p3rdt1066),615.794677734375,0.0891742,3.6,1,1
703,712,430,transformer.tr(r:p3rdt1066-p3rdt1066lv),615.4661865234375,0,7.6,1,2
704,713,712,new line.l(r:p3rdt1060-p3rdt1066),615.6311645507812,0.0199732,9.4,1,1
705,713,718,new line.l(r:p3rdt1057-p3rdt1060),611.2366943359375,0.0862018,7.5,1,1
706,713,420,transformer.tr(r:p3rdt1060-p3rdt1060lv),615.6311645507812,0,10.0,1,2
707,714,713,new line.l(r:p3rdt1052-p3rdt1060),621.8326416015625,0.250823,4.0,1,1
708,714,624,new line.fuse(r:p3rdt1052-p3rdt1065)p3r_1177,629.355712890625,0.001,7.0,1,1
709,714,397,transformer.tr(r:p3rdt1052-p3rdt1052lv),629.355712890625,0,7.8,1,2
710,715,762,new line.l(r:p3rdt1052-p3rhs0_1247)_disconnect,415.5221862792969,0.001,25.0,1,1
711,716,717,new line.l(r:p3rdt1057lv-p3rlv1868),610.1743774414062,0.0233164,2.4,0,1
712,718,744,new line.fuse(r:p3rdt1057-p3rdt1062)p3r_1178,610.306640625,0.001,8.0,1,1
713,718,716,transformer.tr(r:p3rdt1057-p3rdt1057lv),609.8658447265625,0,8.0,1,2
714,719,720,new line.l(r:p3rdt540lv-p3rlv998),411.2129211425781,0.04448690000000001,0.0,0,1
715,721,722,new line.l(r:p3rdt347-p3rdt540),475.605224609375,0.12520800000000004,1.6,1,1
716,721,310,transformer.tr(r:p3rdt347-p3rdt347lv),473.0943298339844,0,3.6,1,2
717,722,763,new line.l(r:p3rdt347-p3rdt540)_disconnect,456.90777587890625,0.001,0.0,1,1
718,723,724,new line.l(r:p3rdt314-p3rdt347),525.177490234375,0.0803963,1.2,1,1
719,723,306,transformer.tr(r:p3rdt314-p3rdt314lv),529.9440307617188,0,0.0,1,2
720,724,765,new line.l(r:p3rdt314-p3rdt347)_disconnect,522.6685791015625,0.001,3.5,1,1
721,725,726,new line.l(r:p3rdt313-p3rdt314),540.295654296875,0.10361900000000002,3.8,1,1
722,725,700,new line.goab_disswitch(r:p3rdt1001-p3rdt313)p3r_1329,537.0548095703125,0.001,4.0,1,0
723,725,304,transformer.tr(r:p3rdt313-p3rdt313lv),534.087158203125,0,4.0,1,2
724,726,766,new line.l(r:p3rdt313-p3rdt314)_disconnect,537.2822875976562,0.001,6.6,1,1
725,727,728,new line.l(r:p3rdt176lv-p3rlv323),180.5911407470703,0.001,0.0,0,1
726,729,730,new line.l(r:p3rdt153-p3rdt176),184.53213500976562,0.386213,0.0,1,1
727,729,229,transformer.tr(r:p3rdt153-p3rdt153lv),188.6952667236328,0,0.0,1,2
728,730,510,new line.fuse(r:p3rdt154-p3rdt176)p3r_992,180.5353240966797,0.001,0.0,1,1
729,730,727,transformer.tr(r:p3rdt176-p3rdt176lv),180.5911407470703,0,0.0,1,2
730,731,732,new line.l(r:p3rdt159lv-p3rlv289),222.36190795898438,0.001,0.0,0,1
731,733,734,new line.l(r:p3rdt33lv-p3rlv57),164.8287353515625,0.0320999,0.0,0,1
732,735,736,new line.l(r:p3rdt167-p3rdt33),171.59396362304688,0.23973600000000003,0.3,0,1
733,736,750,new line.padswitch(r:p3rdt167-p3rdt33)p3r_814,165.80979919433594,0.001,0.0,1,0
734,737,738,new line.l(r:p3rdt1446lv-p3rlv2641),167.52513122558594,0.016502,0.0,0,1
735,737,739,new line.l(r:p3rdt1446lv-p3rlv2645),167.28292846679688,0.016502,0.0,0,1
736,740,741,new line.l(r:p3rdt113lv-p3rlv200),218.4210662841797,0.001,0.0,0,1
737,742,740,transformer.tr(r:p3rdt113-p3rdt113lv),217.6385040283203,0,0.0,1,2
738,743,714,new line.l(r:p3rdt1052-p3rdt1054),641.5269775390625,0.198406,8.9,1,1
739,744,495,new line.padswitch(r:p3rdt1057-p3rdt1062)p3r_811,610.306640625,0.001,8.9,1,0
740,745,422,transformer.tr(r:p3rdt1062-p3rdt1062lv),614.6688232421875,0,11.0,1,2
741,746,614,new line.padswitch(r:p3rdt1059-p3rdt1064)p3r_821,598.4854736328125,0.001,8.0,1,0
742,746,426,transformer.tr(r:p3rdt1064-p3rdt1064lv),596.220458984375,0,8.0,1,2
743,747,417,transformer.tr(r:p3rdt1059-p3rdt1059lv),586.5142211914062,0,8.0,1,2
744,748,653,new line.padswitch(r:p3rdt1452-p3rdt167)p3r_815,164.83831787109375,0.001,0.0,1,0
745,748,735,new line.padswitch(r:p3rdt167-p3rdt33)p3r_813,164.96075439453125,0.001,0.0,1,0
746,748,283,transformer.tr(r:p3rdt167-p3rdt167lv),164.96075439453125,0,0.0,1,2
747,749,656,new line.padswitch(r:p3rdt165-p3rdt167)p3r_817,165.16871643066406,0.001,0.0,1,0
748,749,276,transformer.tr(r:p3rdt165-p3rdt165lv),165.16871643066406,0,0.0,1,2
749,750,733,transformer.tr(r:p3rdt33-p3rdt33lv),165.80979919433594,0,0.0,1,2
750,751,592,new line.l(r:p3rdt956-p3rdt960)_cont,298.92962646484375,0.814104,3.1,1,1
751,752,753,new line.l(r:p3rdt1077-p3rdt494)_cont,542.0354614257812,1.04805,18.6,1,1
752,753,334,transformer.tr(r:p3rdt494-p3rdt494lv),459.14447021484375,0,23.0,1,2
753,754,625,new line.l(r:p3rdt0-p3rdt171)_cont,234.93357849121094,0.7244253,0.0,1,1
754,755,645,new line.l(r:p3rdt107-p3rdt6)_cont,181.478271484375,0.8875251000000001,0.0,1,1
755,756,687,new line.l(r:p3rdt538-p3rdt967)_cont,248.0601806640625,0.731403,8.1,1,1
756,757,692,new line.l(r:p3rdt1074-p3rdt959)_cont,309.68304443359375,0.7657011,3.9,1,1
757,758,695,new line.l(r:p3rdt964-p3rdt988)_cont,354.4892578125,1.033704,5.8,1,1
758,759,696,new line.l(r:p3rdt1001-p3rdt988)_cont,400.2498779296875,0.8434485,1.8,1,1
759,760,635,new line.l(r:p3rdt1001-p3rdt313)_cont,473.0000305175781,1.375776,2.9,1,1
760,761,725,new line.l(r:p3rdt1084-p3rdt313)_cont,561.1441650390625,0.8184267000000001,4.4,1,1
761,762,714,new line.l(r:p3rdt1052-p3rhs0_1247)_cont,748.4511108398438,8.422245,6.3,1,1
762,763,764,new line.l(r:p3rdt347-p3rdt540)_cont,403.74334716796875,1.135872,3.6,1,1
763,764,719,transformer.tr(r:p3rdt540-p3rdt540lv),407.9621887207031,0,2.4,1,2
764,765,721,new line.l(r:p3rdt314-p3rdt347)_cont,482.9517517089844,0.7325667,3.6,1,1
765,766,723,new line.l(r:p3rdt313-p3rdt314)_cont,579.1126098632812,0.941571,2.9,1,1
