,name,voltage,POF,coords,elevation,vegetation
0,p3rdt1052-p3rhs0_1247x,12.47,0,"(-121.83008107, 37.821935148)",457.113678,4
1,p3rdt0lv,0.208,0,"(-121.75182362, 37.758260853)",215.7033997,0
2,p3rlv1,0.208,2,"(-121.7517164, 37.756639099)",208.1158295,0
3,p3rdt1lv,0.208,0,"(-121.7521671, 37.755853569)",206.0743561,0
4,p3rdt1lv-p3rlv2x,0.208,0,"(-121.75211518, 37.755829151)",205.7941132,0
5,p3rlv2,0.208,2,"(-121.75183529, 37.755877109)",205.8068695,0
6,p3rlv7,0.208,2,"(-121.75241564, 37.755793127)",206.1672516,0
7,p3rdt2lv,0.208,0,"(-121.75298968, 37.755850446)",206.5074921,0
8,p3rlv3,0.208,2,"(-121.75316532, 37.75576501)",206.9654694,0
9,p3rlv4,0.208,2,"(-121.75331317, 37.755748549)",207.5849457,0
10,p3rlv5,0.208,2,"(-121.75271285, 37.755670095)",206.0488739,0
11,p3rlv6,0.208,2,"(-121.75295119, 37.755672617)",206.344162,0
12,p3rlv8,0.208,2,"(-121.75282332, 37.756527474)",208.6134949,0
13,p3rdt3lv,0.208,0,"(-121.76343274, 37.744493018)",172.2086182,0
14,p3rlv9,0.208,2,"(-121.76287585, 37.744565363)",172.0412445,0
15,p3rlv25,0.208,2,"(-121.76236429, 37.744614069)",171.7979889,0
16,p3rlv145,0.208,2,"(-121.76277804, 37.744540131)",172.1756592,0
17,p3rdm10,0.208,0,"(-121.76335666, 37.744318052)",171.692215,0
18,p3rlv140,0.208,2,"(-121.76259635, 37.744310072)",171.5435028,0
19,p3rlv141,0.208,2,"(-121.76227786, 37.744351791)",171.3652039,0
20,p3rlv153,0.208,2,"(-121.76192652, 37.744321063)",171.2620697,0
21,p3rdt4lv,0.208,0,"(-121.76754421, 37.753011334)",183.5952148,0
22,p3rlv10,0.208,2,"(-121.7675236, 37.753122104)",183.9996185,0
23,p3rlv12,0.208,2,"(-121.76780823, 37.753071004)",183.6971436,0
24,p3rlv14,0.208,2,"(-121.76729766, 37.753056651)",184.1573029,0
25,p3rlv271,0.208,2,"(-121.76779254, 37.75333221)",184.3742981,0
26,p3rdt6lv,0.208,0,"(-121.76994882, 37.745955359)",177.8355408,0
27,p3rlv13,0.208,2,"(-121.76872185, 37.745888372)",176.7928162,0
28,p3rdm20,0.208,0,"(-121.76989788, 37.746153011)",178.1970367,0
29,p3rlv17,0.208,2,"(-121.76893328, 37.746142939)",177.3334045,0
30,p3rlv28,0.208,2,"(-121.76867287, 37.746104167)",177.184021,0
31,p3rdt10lv,0.208,0,"(-121.76870897, 37.746504995)",177.3296661,0
32,p3rlv19,0.208,2,"(-121.76875901, 37.746519639)",177.3296661,0
33,p3rdt11lv,0.208,0,"(-121.76842407, 37.74588915)",176.9597321,0
34,p3rlv20,0.208,2,"(-121.76838221, 37.745862924)",176.9597321,0
35,p3rdt12lv,0.208,0,"(-121.76327458, 37.744503394)",171.8154907,0
36,p3rlv21,0.208,2,"(-121.76371365, 37.744691321)",172.8782501,0
37,p3rdt16lv,0.208,0,"(-121.7675375, 37.752731868)",182.7605591,0
38,p3rlv27,0.208,2,"(-121.76730379, 37.752687193)",183.2570801,0
39,p3rdt35lv,0.208,0,"(-121.79090325, 37.728008492)",199.524765,0
40,p3rlv63,0.208,2,"(-121.79084761, 37.728181997)",201.6447144,0
41,p3rlv65,0.208,2,"(-121.7908968, 37.727948169)",199.4404144,0
42,p3rlv68,0.208,2,"(-121.79061909, 37.728278794)",203.432785,0
43,p3rdm70,0.208,0,"(-121.7905803, 37.727872819)",197.1852112,0
44,p3rlv70,0.208,2,"(-121.79060446, 37.727782939)",197.2049255,0
45,p3rdm72,0.208,0,"(-121.79107584, 37.728103223)",200.6275787,0
46,p3rlv73,0.208,2,"(-121.79091583, 37.728173684)",201.6447144,0
47,p3rlv74,0.208,2,"(-121.79115541, 37.728095026)",201.166214,0
48,p3rdm71,0.208,0,"(-121.79149123, 37.728377867)",204.7077637,0
49,p3rlv71,0.208,2,"(-121.79172108, 37.728199967)",203.6558075,0
50,p3rdt36lv,0.208,0,"(-121.79162189, 37.728475514)",205.4726257,0
51,p3rlv64,0.208,2,"(-121.79159173, 37.728478038)",205.4726257,0
52,p3rdt37lv,0.208,0,"(-121.79040785, 37.727769076)",196.4091034,0
53,p3rlv66,0.208,2,"(-121.78999567, 37.728236344)",202.0782623,8
54,p3rdm76,0.208,0,"(-121.79024243, 37.727716134)",196.013443,0
55,p3rlv69,0.208,2,"(-121.79025231, 37.727806364)",196.0089722,0
56,p3rdt38lv,0.208,0,"(-121.79188326, 37.729926965)",223.1807404,0
57,p3rlv67,0.208,2,"(-121.79193329, 37.729941599)",223.1807404,0
58,p3rdt39lv,0.208,0,"(-121.7907529, 37.727967551)",199.0678406,0
59,p3rlv72,0.208,2,"(-121.79044056, 37.728333871)",203.3407593,0
60,p3rdt40lv,0.208,0,"(-121.77778964, 37.732595949)",172.0050659,0
61,p3rlv75,0.208,2,"(-121.77775361, 37.732264935)",171.5262451,0
62,p3rlv76,0.208,2,"(-121.77741583, 37.732793186)",171.5611877,0
63,p3rlv77,0.208,2,"(-121.77819125, 37.73280406)",171.8243561,0
64,p3rdt42lv,0.208,0,"(-121.77321081, 37.7363698)",170.7342834,0
65,p3rlv79,0.208,2,"(-121.77316791, 37.73576833)",170.3199158,0
66,p3rlv273,0.208,2,"(-121.77314809, 37.736281852)",170.6065521,0
67,p3rlv274,0.208,2,"(-121.77315151, 37.736074594)",170.4812164,0
68,p3rdt65lv,0.208,0,"(-121.76215309, 37.741461273)",169.6530457,0
69,p3rlv112,0.208,2,"(-121.76220313, 37.74147592)",169.6530457,0
70,p3rdt66lv,0.208,0,"(-121.76327304, 37.740240573)",168.9505463,0
71,p3rlv113,0.208,2,"(-121.76223237, 37.740268532)",168.7565918,0
72,p3rdm120,0.208,0,"(-121.76323746, 37.740486422)",169.0849915,0
73,p3rlv151,0.208,2,"(-121.76249125, 37.740397429)",168.9104462,0
74,p3rdm121,0.208,0,"(-121.76326827, 37.740081126)",168.8120422,0
75,p3rlv158,0.208,2,"(-121.76267806, 37.740083944)",168.8040009,0
76,p3rdt67lv,0.208,0,"(-121.76988403, 37.73903213)",171.1738281,0
77,p3rlv114,0.208,2,"(-121.76883247, 37.738973902)",170.378952,0
78,p3rlv124,0.208,2,"(-121.76876662, 37.739075187)",170.5471191,0
79,p3rlv142,0.208,2,"(-121.76930098, 37.739017679)",170.6490631,0
80,p3rdt68lv,0.208,0,"(-121.76329669, 37.741337031)",169.7052765,0
81,p3rlv128,0.208,2,"(-121.76276009, 37.741292515)",169.7294312,0
82,p3rdm125,0.208,0,"(-121.76330146, 37.741496478)",169.7800293,0
83,p3rlv115,0.208,2,"(-121.76275694, 37.74148175)",169.772644,0
84,p3rdt69lv,0.208,0,"(-121.76329194, 37.743455944)",171.0948792,0
85,p3rlv116,0.208,2,"(-121.76253072, 37.743480209)",170.8563385,0
86,p3rlv152,0.208,2,"(-121.76311141, 37.743369139)",171.3295288,0
87,p3rdm128,0.208,0,"(-121.76333431, 37.743614822)",171.3115997,0
88,p3rlv120,0.208,2,"(-121.76232511, 37.743559164)",170.8644257,0
89,p3rdm129,0.208,0,"(-121.76332881, 37.743263267)",170.9747162,0
90,p3rlv147,0.208,2,"(-121.76268094, 37.743319556)",170.8434296,0
91,p3rdt70lv,0.208,0,"(-121.76329119, 37.740985476)",169.4569397,0
92,p3rlv117,0.208,2,"(-121.76250405, 37.740992406)",169.5636902,0
93,p3rlv129,0.208,2,"(-121.76384394, 37.740952391)",170.0643463,0
94,p3rdm133,0.208,0,"(-121.76329047, 37.740793367)",169.269577,0
95,p3rlv155,0.208,2,"(-121.76385753, 37.740817342)",169.7585907,0
96,p3rdt71lv,0.208,0,"(-121.76454823, 37.743915314)",171.9825287,0
97,p3rlv118,0.208,2,"(-121.76461718, 37.744277196)",172.4593353,0
98,p3rlv123,0.208,2,"(-121.76454909, 37.744276482)",172.4593353,0
99,p3rlv143,0.208,2,"(-121.764243, 37.744255247)",172.3545227,0
100,p3rlv146,0.208,2,"(-121.76458387, 37.744468948)",172.6031036,0
101,p3rlv149,0.208,2,"(-121.7647571, 37.744053343)",172.174118,0
102,p3rdm136,0.208,0,"(-121.76451134, 37.743816435)",171.9899292,0
103,p3rlv130,0.208,2,"(-121.76453523, 37.743744584)",172.0077057,0
104,p3rdt72lv,0.208,0,"(-121.76449245, 37.739727275)",169.2744904,0
105,p3rlv119,0.208,2,"(-121.76412291, 37.739873784)",169.1673431,0
106,p3rlv136,0.208,2,"(-121.76484348, 37.739538853)",169.1531372,0
107,p3rdt73lv,0.208,0,"(-121.76324819, 37.739005563)",168.0945129,0
108,p3rlv121,0.208,2,"(-121.76256005, 37.73899216)",168.0553894,0
109,p3rdm143,0.208,0,"(-121.76330397, 37.742028258)",170.1497803,0
110,p3rlv122,0.208,2,"(-121.76280437, 37.74204104)",170.2758179,0
111,p3rdt74lv,0.208,0,"(-121.7633225, 37.742353233)",170.3519897,0
112,p3rdm144,0.208,0,"(-121.76328181, 37.742595874)",170.5910339,0
113,p3rlv138,0.208,2,"(-121.7638631, 37.742529826)",170.9854889,0
114,p3rdm145,0.208,0,"(-121.76332631, 37.742731488)",170.6270905,0
115,p3rlv150,0.208,2,"(-121.76358776, 37.742707193)",170.966217,0
116,p3rdt75lv,0.208,0,"(-121.76438465, 37.741655173)",170.6011963,0
117,p3rlv125,0.208,2,"(-121.7644379, 37.741656671)",170.6011963,0
118,p3rdt76lv,0.208,0,"(-121.76481043, 37.740608193)",170.1464691,0
119,p3rlv126,0.208,2,"(-121.76506635, 37.740469504)",169.9779968,0
120,p3rlv132,0.208,2,"(-121.76451598, 37.740806221)",170.2610321,0
121,p3rlv137,0.208,2,"(-121.7648597, 37.740611542)",170.1845856,0
122,p3rdt77lv,0.208,0,"(-121.76332686, 37.742562723)",170.4863129,0
123,p3rlv133,0.208,2,"(-121.76269369, 37.742553605)",170.621994,0
124,p3rdm150,0.208,0,"(-121.76328466, 37.742424662)",170.4252777,0
125,p3rlv127,0.208,2,"(-121.76299113, 37.742412523)",170.5703583,0
126,p3rdm152,0.208,0,"(-121.76332331, 37.742911712)",170.7796631,0
127,p3rlv156,0.208,2,"(-121.76309561, 37.742954386)",171.1036224,0
128,p3rdt78lv,0.208,0,"(-121.76142574, 37.737829443)",166.9896851,0
129,p3rlv131,0.208,2,"(-121.76133462, 37.738294317)",167.179306,0
130,p3rdt79lv,0.208,0,"(-121.76326754, 37.739889017)",168.680069,0
131,p3rlv134,0.208,2,"(-121.76365572, 37.73998605)",169.2868042,0
132,p3rdt80lv,0.208,0,"(-121.76334325, 37.741704269)",169.9813843,0
133,p3rlv135,0.208,2,"(-121.76368473, 37.741653716)",170.3648682,0
134,p3rdt81lv,0.208,0,"(-121.77096204, 37.735787579)",169.1998291,0
135,p3rlv139,0.208,2,"(-121.77088411, 37.735933804)",169.4474945,0
136,p3rlv235,0.208,2,"(-121.77076168, 37.735788323)",169.1125336,0
137,p3rlv241,0.208,2,"(-121.77120524, 37.735729858)",169.2537842,0
138,p3rlv245,0.208,2,"(-121.77123779, 37.735820326)",169.4699097,0
139,p3rdt82lv,0.208,0,"(-121.76498393, 37.742537683)",171.4507294,0
140,p3rlv144,0.208,2,"(-121.76503447, 37.742524178)",171.4646454,0
141,p3rdt83lv,0.208,0,"(-121.7632753, 37.740414993)",169.0438232,0
142,p3rlv148,0.208,2,"(-121.76371661, 37.740419302)",169.8578949,0
143,p3rdt84lv,0.208,0,"(-121.7651994, 37.742547723)",171.6077576,0
144,p3rlv154,0.208,2,"(-121.76524943, 37.742562368)",171.6077576,0
145,p3rdt85lv,0.208,0,"(-121.76325369, 37.739357118)",168.3479919,0
146,p3rlv157,0.208,2,"(-121.7626408, 37.739359698)",168.3620605,0
147,p3rdt104lv,0.208,0,"(-121.77771025, 37.752392848)",190.0584717,0
148,p3rlv185,0.208,2,"(-121.77768115, 37.75254293)",190.6342468,0
149,p3rdt105lv,0.208,0,"(-121.77375212, 37.752907037)",193.3789673,0
150,p3rlv186,0.208,2,"(-121.77336235, 37.752867578)",192.5274963,0
151,p3rdt106lv,0.208,0,"(-121.77468277, 37.753094788)",193.2264404,0
152,p3rlv190,0.208,2,"(-121.77456046, 37.753177464)",193.7648926,0
153,p3rdm193,0.208,0,"(-121.77472951, 37.753251324)",193.4434357,0
154,p3rlv187,0.208,2,"(-121.77469353, 37.753368116)",194.2211151,0
155,p3rlv188,0.208,2,"(-121.77478596, 37.753269936)",193.4434357,0
156,p3rdm196,0.208,0,"(-121.77463198, 37.752970914)",192.9487,0
157,p3rlv192,0.208,2,"(-121.7745155, 37.752912794)",193.1837006,0
158,p3rdt107lv,0.208,0,"(-121.77313302, 37.752335756)",191.0200958,0
159,p3rlv189,0.208,2,"(-121.77315656, 37.752718399)",192.0385742,0
160,p3rdt108lv,0.208,0,"(-121.77408507, 37.754233192)",197.3422699,0
161,p3rlv199,0.208,2,"(-121.77417003, 37.754137768)",197.0559387,0
162,p3rlv202,0.208,2,"(-121.77398516, 37.754334126)",197.8797455,0
163,p3rdm198,0.208,0,"(-121.77383024, 37.7534042)",194.2540894,0
164,p3rlv191,0.208,2,"(-121.77403364, 37.753460393)",194.8561707,0
165,p3rdm201,0.208,0,"(-121.77426637, 37.754490268)",198.1410065,0
166,p3rlv208,0.208,2,"(-121.7746645, 37.754440332)",196.9415894,0
167,p3rdt109lv,0.208,0,"(-121.77900705, 37.75821088)",200.253891,0
168,p3rlv194,0.208,2,"(-121.77855652, 37.758223864)",200.7443085,0
169,p3rlv201,0.208,2,"(-121.77831429, 37.75821852)",200.7996979,0
170,p3rdm202,0.208,0,"(-121.7790559, 37.757991875)",199.6905365,0
171,p3rlv193,0.208,2,"(-121.77820494, 37.757965029)",200.5223999,0
172,p3rdt110lv,0.208,0,"(-121.77760702, 37.762776059)",223.7683563,0
173,p3rlv195,0.208,2,"(-121.77728619, 37.762056301)",222.5899353,0
174,p3rdt111lv,0.208,0,"(-121.77445727, 37.755066237)",199.5530548,0
175,p3rlv196,0.208,2,"(-121.77472279, 37.75503578)",198.6951141,0
176,p3rdt112lv,0.208,0,"(-121.7805136, 37.760713628)",207.4914398,0
177,p3rlv197,0.208,2,"(-121.78000616, 37.7609579)",206.6064453,0
178,p3rlv198,0.208,2,"(-121.78089786, 37.76057958)",208.4877472,0
179,p3rdt114lv,0.208,0,"(-121.78034764, 37.760450541)",206.8195953,0
180,p3rlv203,0.208,2,"(-121.78092648, 37.760219366)",208.0671692,0
181,p3rdm211,0.208,0,"(-121.78023247, 37.760311325)",206.5223846,0
182,p3rlv204,0.208,2,"(-121.78062105, 37.760153117)",206.9225769,0
183,p3rdm212,0.208,0,"(-121.78012089, 37.760193004)",206.1063843,0
184,p3rlv206,0.208,2,"(-121.78125434, 37.75960989)",212.1407623,0
185,p3rdt115lv,0.208,0,"(-121.7767558, 37.761624364)",219.1514587,0
186,p3rlv205,0.208,2,"(-121.77666902, 37.761617284)",219.1514587,0
187,p3rlv207,0.208,2,"(-121.77684974, 37.761673236)",219.1452484,0
188,p3rdt117lv,0.208,0,"(-121.78013331, 37.723027263)",161.4073029,0
189,p3rlv211,0.208,2,"(-121.77994851, 37.722986466)",161.7946014,0
190,p3rdt118lv,0.208,0,"(-121.78022131, 37.723410058)",161.6069489,0
191,p3rlv212,0.208,2,"(-121.78020235, 37.723421708)",161.6069489,0
192,p3rdt119lv,0.208,0,"(-121.78090889, 37.722782928)",161.7550812,0
193,p3rlv214,0.208,2,"(-121.78090516, 37.722771043)",161.6370544,0
194,p3rdm219,0.208,0,"(-121.78075546, 37.722904687)",161.7410278,0
195,p3rlv213,0.208,2,"(-121.78072025, 37.722976425)",161.6118774,0
196,p3rdm221,0.208,0,"(-121.78131741, 37.722540973)",162.1262512,0
197,p3rlv217,0.208,2,"(-121.78126128, 37.722504342)",162.0885468,0
198,p3rdt120lv,0.208,0,"(-121.78009141, 37.72233619)",160.9066925,0
199,p3rlv215,0.208,2,"(-121.78001529, 37.722374286)",160.9066925,0
200,p3rdt121lv,0.208,0,"(-121.78008373, 37.722804776)",161.2219238,0
201,p3rlv216,0.208,2,"(-121.7799273, 37.722896118)",161.2280121,0
202,p3rdt128lv,0.208,0,"(-121.79324568, 37.736098957)",231.4201355,0
203,p3rlv230,0.208,2,"(-121.79332137, 37.73611441)",230.5530701,0
204,p3rlv231,0.208,2,"(-121.79302116, 37.736189619)",228.9651489,0
205,p3rlv232,0.208,2,"(-121.7933975, 37.736076306)",232.0576935,0
206,p3rdt129lv,0.208,0,"(-121.76996024, 37.72890604)",164.8648224,0
207,p3rlv233,0.208,2,"(-121.76981962, 37.72893779)",164.9163208,0
208,p3rdt130lv,0.208,0,"(-121.76853395, 37.734398254)",167.4817963,0
209,p3rlv234,0.208,2,"(-121.7685872, 37.73439975)",167.4817963,0
210,p3rdm241,0.208,0,"(-121.76994141, 37.734608103)",167.9185791,0
211,p3rlv236,0.208,2,"(-121.76918164, 37.734573133)",167.5150452,0
212,p3rdt131lv,0.208,0,"(-121.76994081, 37.734406983)",167.8491058,0
213,p3rdm242,0.208,0,"(-121.76994737, 37.734247654)",167.7880096,0
214,p3rlv244,0.208,2,"(-121.76886857, 37.734290467)",167.2606812,0
215,p3rdt132lv,0.208,0,"(-121.76995366, 37.728143231)",164.3180237,0
216,p3rlv237,0.208,2,"(-121.7688527, 37.728158775)",164.0176544,0
217,p3rdt133lv,0.208,0,"(-121.77190144, 37.736415906)",170.33284,0
218,p3rlv238,0.208,2,"(-121.77185605, 37.735941103)",169.734787,0
219,p3rdt134lv,0.208,0,"(-121.76854696, 37.728593861)",164.2772522,0
220,p3rlv239,0.208,2,"(-121.76836574, 37.728336776)",164.0391693,0
221,p3rlv243,0.208,2,"(-121.76873447, 37.728683115)",164.4464264,0
222,p3rlv246,0.208,2,"(-121.7685298, 37.728708015)",164.3316803,0
223,p3rdt135lv,0.208,0,"(-121.77089245, 37.735666341)",169.0462341,0
224,p3rlv240,0.208,2,"(-121.77178883, 37.73543852)",169.3600159,0
225,p3rdt136lv,0.208,0,"(-121.76995606, 37.728684023)",164.666687,0
226,p3rlv242,0.208,2,"(-121.7689163, 37.728666988)",164.3463898,0
227,p3rdt152lv,0.208,0,"(-121.77276813, 37.736374204)",170.5614471,0
228,p3rlv275,0.208,2,"(-121.77272528, 37.736220541)",170.532547,0
229,p3rdt153lv,0.208,0,"(-121.75029928, 37.749572771)",188.6952667,0
230,p3rlv276,0.208,2,"(-121.75038363, 37.749048094)",187.2380066,0
231,p3rlv277,0.208,2,"(-121.75076358, 37.749403619)",188.3476105,0
232,p3rlv316,0.208,2,"(-121.7498836, 37.749991961)",189.2623901,0
233,p3rlv317,0.208,2,"(-121.75017752, 37.749830016)",189.1167908,0
234,p3rlv325,0.208,2,"(-121.75029692, 37.749479786)",188.6708221,0
235,p3rdt154lv,0.208,0,"(-121.75059538, 37.74574778)",180.6050873,0
236,p3rlv278,0.208,2,"(-121.75064593, 37.745734282)",180.5826721,0
237,p3rdt155lv,0.208,0,"(-121.74840266, 37.758394135)",225.9039154,0
238,p3rlv279,0.208,2,"(-121.74838926, 37.758283007)",225.4913635,0
239,p3rlv280,0.208,2,"(-121.74840892, 37.758463471)",226.2992096,0
240,p3rdt156lv,0.208,0,"(-121.7481796, 37.75769212)",223.4244995,0
241,p3rlv281,0.208,2,"(-121.74834116, 37.757768771)",222.2077789,0
242,p3rlv285,0.208,2,"(-121.74802534, 37.757648251)",223.2963715,0
243,p3rdt157lv,0.208,0,"(-121.74806755, 37.756257906)",219.5169678,0
244,p3rlv282,0.208,2,"(-121.74883963, 37.75624808)",213.7076111,0
245,p3rlv284,0.208,2,"(-121.74784079, 37.756474635)",222.2812805,0
246,p3rlv286,0.208,2,"(-121.7475673, 37.756096027)",220.9768829,0
247,p3rlv287,0.208,2,"(-121.74804827, 37.756287572)",221.3353729,0
248,p3rdt158lv,0.208,0,"(-121.74837653, 37.759478732)",232.9884033,0
249,p3rlv288,0.208,2,"(-121.74849076, 37.758996091)",228.1867065,0
250,p3rdm289,0.208,0,"(-121.7481758, 37.759497458)",234.5968933,6
251,p3rlv283,0.208,2,"(-121.74807411, 37.75946934)",234.9762573,6
252,p3rdm295,0.208,0,"(-121.78762495, 37.723309015)",174.0093231,0
253,p3rlv293,0.208,2,"(-121.78731849, 37.723314876)",173.1732635,0
254,p3rlv310,0.208,2,"(-121.78656973, 37.72330717)",170.803299,0
255,p3rdt161lv,0.208,0,"(-121.78766995, 37.723471806)",174.4312744,0
256,p3rdm296,0.208,0,"(-121.78761907, 37.723669468)",175.0112915,0
257,p3rlv307,0.208,2,"(-121.78691584, 37.72365322)",172.6916351,0
258,p3rdm294,0.208,0,"(-121.78762777, 37.723831788)",175.7537231,0
259,p3rlv292,0.208,2,"(-121.787175, 37.72376404)",173.4869995,0
260,p3rdt162lv,0.208,0,"(-121.78868842, 37.725726354)",183.2003174,4
261,p3rlv313,0.208,2,"(-121.78874323, 37.725708907)",183.9238281,6
262,p3rdm298,0.208,0,"(-121.78835466, 37.725182171)",181.2957153,0
263,p3rlv294,0.208,2,"(-121.78824106, 37.725190016)",181.3315125,0
264,p3rdm299,0.208,0,"(-121.78904001, 37.726297789)",186.4364014,0
265,p3rlv312,0.208,2,"(-121.78923434, 37.726209657)",186.4696655,0
266,p3rdt163lv,0.208,0,"(-121.78611822, 37.722227164)",169.2927551,0
267,p3rlv295,0.208,2,"(-121.78618666, 37.723140996)",169.860611,0
268,p3rdm302,0.208,0,"(-121.7859176, 37.722245956)",169.2166443,0
269,p3rlv299,0.208,2,"(-121.78589493, 37.72293971)",169.5895233,0
270,p3rlv304,0.208,2,"(-121.78592203, 37.722669604)",169.1080933,0
271,p3rdm303,0.208,0,"(-121.78631466, 37.722250045)",169.3874512,0
272,p3rlv300,0.208,2,"(-121.78627568, 37.722793246)",169.5048828,0
273,p3rdt164lv,0.208,0,"(-121.7892434, 37.726591121)",187.8981934,0
274,p3rlv296,0.208,2,"(-121.78937699, 37.726508545)",187.6807861,0
275,p3rlv298,0.208,2,"(-121.78928623, 37.726507613)",187.4267273,0
276,p3rdt165lv,0.208,0,"(-121.7930448, 37.720741964)",166.2036743,0
277,p3rlv297,0.208,2,"(-121.79292514, 37.720434244)",162.8584747,0
278,p3rdt166lv,0.208,0,"(-121.78814891, 37.722248058)",172.9194031,0
279,p3rlv301,0.208,2,"(-121.78815103, 37.722359067)",173.5677338,0
280,p3rlv305,0.208,2,"(-121.78817337, 37.722140156)",172.6363068,0
281,p3rdm310,0.208,0,"(-121.78793695, 37.722266738)",172.4432373,0
282,p3rlv306,0.208,2,"(-121.78799705, 37.722060061)",172.0082855,0
283,p3rdt167lv,0.208,0,"(-121.79344531, 37.720559054)",164.9607544,0
284,p3rlv302,0.208,2,"(-121.79328977, 37.720338836)",162.4702301,0
285,p3rdt168lv,0.208,0,"(-121.78895096, 37.723860582)",183.8644562,7
286,p3rlv303,0.208,2,"(-121.78873869, 37.723897285)",183.8118896,0
287,p3rlv311,0.208,2,"(-121.78917039, 37.723865669)",183.8474884,0
288,p3rdt169lv,0.208,0,"(-121.78835312, 37.722250158)",173.1861725,0
289,p3rlv308,0.208,2,"(-121.7883857, 37.7218838)",172.5180359,0
290,p3rdt170lv,0.208,0,"(-121.79264763, 37.72089104)",166.491272,0
291,p3rlv309,0.208,2,"(-121.79248908, 37.720736214)",164.2205505,0
292,p3rdm316,0.208,0,"(-121.75183854, 37.763790319)",258.0305481,0
293,p3rlv314,0.208,2,"(-121.75238111, 37.763931255)",255.3215485,0
294,p3rdt171lv,0.208,0,"(-121.75174249, 37.763867583)",259.7115784,0
295,p3rdm317,0.208,0,"(-121.75165359, 37.763986639)",263.155426,0
296,p3rlv315,0.208,2,"(-121.75210308, 37.764261782)",259.5522156,4
297,p3rdt178lv,0.208,0,"(-121.75491586, 37.739599455)",167.9508667,0
298,p3rlv326,0.208,2,"(-121.75489898, 37.739695584)",168.0947723,0
299,p3rlv327,0.208,2,"(-121.75493458, 37.739368668)",167.6914978,0
300,p3rlv328,0.208,2,"(-121.75471939, 37.739576521)",168.0522919,0
301,p3rlv330,0.208,2,"(-121.75510368, 37.739670708)",167.8243103,0
302,p3rdt179lv,0.208,0,"(-121.75537147, 37.739785579)",167.8006134,0
303,p3rlv329,0.208,2,"(-121.75532963, 37.739759348)",167.8676605,0
304,p3rdt313lv,0.208,0,"(-121.7783364, 37.795536575)",534.0871582,4
305,p3rlv619,0.208,2,"(-121.7776443, 37.796155146)",574.088623,7
306,p3rdt314lv,0.208,0,"(-121.78290523, 37.792796637)",529.8971558,0
307,p3rlv620,0.208,2,"(-121.78294677, 37.792794233)",529.8971558,0
308,p3rdm673,0.208,0,"(-121.78947376, 37.792311709)",473.6740417,0
309,p3rlv664,0.208,2,"(-121.7895712, 37.792363954)",473.45578,0
310,p3rdt347lv,0.208,0,"(-121.78960806, 37.792193091)",473.0943298,0
311,p3rdm674,0.208,0,"(-121.78979333, 37.792215853)",472.8320313,0
312,p3rlv665,0.208,2,"(-121.78981707, 37.792153008)",472.8627625,0
313,p3rdt434lv,0.208,0,"(-121.77956952, 37.764492555)",238.3069305,0
314,p3rlv803,0.208,2,"(-121.77949171, 37.764629774)",238.8639221,0
315,p3rlv805,0.208,2,"(-121.7796415, 37.764496134)",237.827179,0
316,p3rlv808,0.208,2,"(-121.77934667, 37.764475054)",238.4347534,0
317,p3rlv809,0.208,2,"(-121.77981221, 37.764470863)",235.7268829,11
318,p3rdt435lv,0.208,0,"(-121.77245431, 37.764550862)",260.234314,7
319,p3rlv804,0.208,2,"(-121.77294814, 37.764886272)",263.1876831,13
320,p3rlv807,0.208,2,"(-121.77266883, 37.76461298)",261.7955933,9
321,p3rdt436lv,0.208,0,"(-121.78151182, 37.770448707)",259.1392212,9
322,p3rlv806,0.208,2,"(-121.78153168, 37.77038299)",259.1392212,9
323,p3rdt437lv,0.208,0,"(-121.78196586, 37.769285092)",241.637558,10
324,p3rlv810,0.208,2,"(-121.78214892, 37.768986217)",237.5936127,18
325,p3rdm832,0.208,0,"(-121.78332972, 37.770131188)",248.6466675,10
326,p3rlv811,0.208,2,"(-121.78324878, 37.77022048)",248.7193146,10
327,p3rdt438lv,0.208,0,"(-121.78341754, 37.770075186)",248.5902252,10
328,p3rdm833,0.208,0,"(-121.783661, 37.77000843)",250.6981201,8
329,p3rlv1000,0.208,2,"(-121.78362738, 37.769981045)",248.6814423,8
330,p3rdt439lv,0.208,0,"(-121.78293123, 37.768574049)",237.9322815,23
331,p3rlv812,0.208,2,"(-121.78283412, 37.768503776)",237.5666504,23
332,p3rdt440lv,0.208,0,"(-121.7741509, 37.765109499)",275.546051,0
333,p3rlv813,0.208,2,"(-121.77420418, 37.765109563)",275.5289001,0
334,p3rdt494lv,0.208,0,"(-121.78076808, 37.806735201)",459.1444702,23
335,p3rlv907,0.208,2,"(-121.78070652, 37.806785807)",456.3459167,23
336,p3rdt538lv,0.208,0,"(-121.78405863, 37.770710312)",271.3869934,11
337,p3rlv996,0.208,2,"(-121.78413658, 37.770779422)",274.501709,9
338,p3rdt539lv,0.208,0,"(-121.78672566, 37.769126907)",246.9466705,0
339,p3rlv997,0.208,2,"(-121.78717802, 37.769476882)",252.240509,0
340,p3rdt541lv,0.208,0,"(-121.78583073, 37.769483865)",248.4727783,6
341,p3rlv999,0.208,2,"(-121.7857472, 37.769252019)",247.0218506,6
342,p3rdt542lv,0.208,0,"(-121.78591054, 37.767805418)",258.6404419,8
343,p3rlv1001,0.208,2,"(-121.78620749, 37.767727428)",264.0276794,8
344,p3rlv1004,0.208,2,"(-121.78641112, 37.767317772)",263.9178162,13
345,p3rdt543lv,0.208,0,"(-121.78673845, 37.770214234)",258.9189758,9
346,p3rlv1002,0.208,2,"(-121.78684986, 37.770104396)",257.6443481,7
347,p3rdt544lv,0.208,0,"(-121.78403279, 37.768558383)",250.7050476,8
348,p3rlv1003,0.208,2,"(-121.78381037, 37.768513857)",250.0556183,9
349,p3rdt545lv,0.208,0,"(-121.78590535, 37.767679792)",261.2068176,13
350,p3rlv1005,0.208,2,"(-121.78566983, 37.767280264)",264.4525757,0
351,p3rdt547lv,0.208,0,"(-121.78512507, 37.769115145)",255.2476807,20
352,p3rlv1007,0.208,2,"(-121.78497119, 37.769039559)",255.4282837,13
353,p3rdt955lv,0.208,0,"(-121.78028595, 37.775477488)",318.5038147,0
354,p3rlv1703,0.208,2,"(-121.78027404, 37.77575058)",318.6954651,0
355,p3rlv1708,0.208,2,"(-121.78038125, 37.775445257)",319.6072083,0
356,p3rdm1717,0.208,0,"(-121.78136706, 37.772111733)",290.1173706,0
357,p3rlv1704,0.208,2,"(-121.78140466, 37.771895817)",292.5766296,12
358,p3rdt956lv,0.208,0,"(-121.78145414, 37.772100788)",291.4664917,0
359,p3rdm1718,0.208,0,"(-121.78147348, 37.772545445)",300.4922791,6
360,p3rlv1721,0.208,2,"(-121.78151682, 37.772672072)",301.2437134,6
361,p3rdt957lv,0.208,0,"(-121.7764697, 37.774641453)",289.8226318,0
362,p3rlv1705,0.208,2,"(-121.77662372, 37.774703308)",293.2897034,0
363,p3rdt959lv,0.208,0,"(-121.77792206, 37.778186033)",311.7505188,6
364,p3rlv1707,0.208,2,"(-121.77778133, 37.778185222)",311.5710754,8
365,p3rdt960lv,0.208,0,"(-121.77705598, 37.774238485)",286.2258606,0
366,p3rlv1709,0.208,2,"(-121.77711166, 37.774032419)",284.3507385,0
367,p3rdt961lv,0.208,0,"(-121.78127051, 37.773604016)",323.477356,10
368,p3rlv1711,0.208,2,"(-121.78126229, 37.773651827)",325.1045837,10
369,p3rdt962lv,0.208,0,"(-121.77993724, 37.775064958)",307.3284302,0
370,p3rlv1712,0.208,2,"(-121.78050899, 37.774581357)",330.0437927,4
371,p3rdt963lv,0.208,0,"(-121.77568419, 37.777043037)",341.316803,7
372,p3rlv1713,0.208,2,"(-121.77557453, 37.776807567)",343.4709778,0
373,p3rdt964lv,0.208,0,"(-121.7775833, 37.778726764)",317.882019,7
374,p3rlv1714,0.208,2,"(-121.77735562, 37.778523289)",311.9484863,7
375,p3rdt966lv,0.208,0,"(-121.77761546, 37.774918061)",284.2013855,6
376,p3rlv1716,0.208,2,"(-121.77733359, 37.775035135)",292.963623,0
377,p3rdm1729,0.208,0,"(-121.78344509, 37.772791138)",259.1001892,7
378,p3rlv1720,0.208,2,"(-121.78302284, 37.772921968)",275.6113281,9
379,p3rdt967lv,0.208,0,"(-121.78367085, 37.773111747)",254.8796387,0
380,p3rdm1730,0.208,0,"(-121.78388959, 37.773381554)",253.7269745,6
381,p3rlv1895,0.208,2,"(-121.78407167, 37.773356395)",251.9909058,10
382,p3rdm1767,0.208,0,"(-121.77744183, 37.782940416)",392.6313477,0
383,p3rlv1762,0.208,2,"(-121.77761051, 37.783041306)",396.9082336,7
384,p3rdt988lv,0.208,0,"(-121.77744935, 37.783411988)",396.1325073,0
385,p3rdm1768,0.208,0,"(-121.7772595, 37.783668554)",396.5827332,0
386,p3rlv1763,0.208,2,"(-121.77723738, 37.783632273)",396.5827332,0
387,p3rdm1766,0.208,0,"(-121.77761147, 37.783672206)",396.8425598,0
388,p3rlv1759,0.208,2,"(-121.77758936, 37.783635926)",396.7108765,0
389,p3rdt1001lv,0.208,0,"(-121.77047319, 37.786162673)",410.8501892,0
390,p3rlv1780,0.208,2,"(-121.77046208, 37.786121367)",411.3357544,0
391,p3rdm1783,0.208,0,"(-121.77001911, 37.786125756)",414.1661682,0
392,p3rlv1779,0.208,2,"(-121.76987897, 37.786358623)",418.47995,0
393,p3rdm1785,0.208,0,"(-121.77073846, 37.785889921)",409.8740234,7
394,p3rlv1781,0.208,2,"(-121.7707165, 37.785844628)",409.8740234,7
395,p3rdm1859,0.208,0,"(-121.79187112, 37.808288805)",628.9053955,8
396,p3rlv1861,0.208,2,"(-121.79168632, 37.808476175)",625.7529907,5
397,p3rdt1052lv,0.208,0,"(-121.79196088, 37.808384991)",629.3557129,8
398,p3rdm1860,0.208,0,"(-121.79227428, 37.808644434)",630.6590576,7
399,p3rlv1879,0.208,2,"(-121.79243579, 37.808492874)",634.1187744,11
400,p3rdt1053lv,0.208,0,"(-121.78839348, 37.808625436)",631.9816284,14
401,p3rlv1867,0.208,2,"(-121.78814931, 37.808728244)",633.8651123,19
402,p3rdm1861,0.208,0,"(-121.78876602, 37.808527296)",630.0474243,11
403,p3rlv1862,0.208,2,"(-121.78878845, 37.808545551)",630.0474243,9
404,p3rdt1055lv,0.208,0,"(-121.78922344, 37.806014625)",615.9746704,0
405,p3rlv1866,0.208,2,"(-121.78905549, 37.806105858)",611.0811768,0
406,p3rdm1864,0.208,0,"(-121.78901594, 37.805744944)",615.3532104,8
407,p3rlv1864,0.208,2,"(-121.78885665, 37.805761331)",615.3712769,8
408,p3rdm1866,0.208,0,"(-121.78940566, 37.806226622)",615.4254761,5
409,p3rlv1873,0.208,2,"(-121.78909371, 37.806547873)",608.963501,0
410,p3rdt1056lv,0.208,0,"(-121.78914574, 37.808470944)",630.8502197,0
411,p3rlv1865,0.208,2,"(-121.78909996, 37.808251336)",629.7527466,0
412,p3rlv1880,0.208,2,"(-121.7890302, 37.808349758)",630.9013062,0
413,p3rdm1869,0.208,0,"(-121.78915204, 37.808540277)",630.1990967,0
414,p3rlv1881,0.208,2,"(-121.78926533, 37.808559467)",630.1176758,0
415,p3rdt1058lv,0.208,0,"(-121.78856862, 37.808549471)",630.1154175,14
416,p3rlv1869,0.208,2,"(-121.78847573, 37.808217879)",625.8504028,9
417,p3rdt1059lv,0.208,0,"(-121.78528085, 37.806332156)",586.5142212,30
418,p3rlv1870,0.208,2,"(-121.78517816, 37.806336313)",584.5429077,0
419,p3rlv1876,0.208,2,"(-121.7849957, 37.806379495)",583.1207886,9
420,p3rdt1060lv,0.208,0,"(-121.79007514, 37.806726366)",615.6311646,10
421,p3rlv1871,0.208,2,"(-121.79056177, 37.806382702)",630.9207153,7
422,p3rdt1062lv,0.208,0,"(-121.7880602, 37.807366396)",614.887146,11
423,p3rlv1874,0.208,2,"(-121.78806874, 37.80740255)",614.887146,11
424,p3rdt1063lv,0.208,0,"(-121.78913075, 37.805911185)",615.4298706,8
425,p3rlv1875,0.208,2,"(-121.78973529, 37.805518007)",627.2502441,10
426,p3rdt1064lv,0.208,0,"(-121.78615719, 37.805786971)",596.220459,8
427,p3rlv1877,0.208,2,"(-121.7863947, 37.806030577)",608.3525391,0
428,p3rdt1065lv,0.208,0,"(-121.79079895, 37.808100382)",622.2280273,0
429,p3rlv1878,0.208,2,"(-121.79080437, 37.808223782)",121.13208,60
430,p3rdt1066lv,0.208,0,"(-121.78992536, 37.806640367)",615.4661865,10
431,p3rlv1882,0.208,2,"(-121.78976101, 37.806725972)",612.1369019,0
432,p3rdm1888,0.208,0,"(-121.78727719, 37.773137076)",339.0680542,10
433,p3rlv1890,0.208,2,"(-121.78733483, 37.773083593)",340.4313354,10
434,p3rlv1892,0.208,2,"(-121.78735562, 37.773200972)",339.2110291,10
435,p3rdt1071lv,0.208,0,"(-121.78716228, 37.772979844)",337.9151917,12
436,p3rdm1890,0.208,0,"(-121.78677428, 37.77264521)",334.4667969,10
437,p3rlv1896,0.208,2,"(-121.78688057, 37.772393948)",332.1233215,8
438,p3rdm1891,0.208,0,"(-121.78510593, 37.77121302)",295.6255493,8
439,p3rlv1891,0.208,2,"(-121.78509605, 37.77112279)",294.8531189,8
440,p3rdt1072lv,0.208,0,"(-121.78470547, 37.771160993)",287.7261658,10
441,p3rdm1892,0.208,0,"(-121.7846203, 37.771054795)",285.0726624,7
442,p3rlv1899,0.208,2,"(-121.78437969, 37.771187504)",277.6087341,9
443,p3rdm1893,0.208,0,"(-121.78418651, 37.773970446)",253.9107208,7
444,p3rlv1893,0.208,2,"(-121.78442654, 37.773873783)",251.7308655,7
445,p3rdt1073lv,0.208,0,"(-121.78434151, 37.774452554)",256.1583557,0
446,p3rdm1894,0.208,0,"(-121.78437581, 37.774891698)",256.8513794,9
447,p3rlv1897,0.208,2,"(-121.78439807, 37.774918966)",257.079834,9
448,p3rdt1074lv,0.208,0,"(-121.78449497, 37.775481589)",259.9301758,0
449,p3rlv1894,0.208,2,"(-121.7845685, 37.775605692)",260.1837158,11
450,p3rdm1896,0.208,0,"(-121.78441413, 37.775324705)",258.3941345,0
451,p3rlv1900,0.208,2,"(-121.78447075, 37.775334302)",257.7910461,0
452,p3rdt1075lv,0.208,0,"(-121.78621599, 37.772308822)",324.0867615,7
453,p3rlv1898,0.208,2,"(-121.7865226, 37.772065803)",329.4211731,0
454,p3rdt1076lv,0.208,0,"(-121.78526044, 37.802034234)",606.2372437,9
455,p3rlv1903,0.208,2,"(-121.78584223, 37.801854839)",598.3812866,23
456,p3rlv1922,0.208,2,"(-121.78576391, 37.801781931)",596.7504883,23
457,p3rdm1899,0.208,0,"(-121.78527851, 37.80229065)",603.2592773,8
458,p3rlv1904,0.208,2,"(-121.7853649, 37.802324758)",602.7711792,8
459,p3rdt1077lv,0.208,0,"(-121.78432197, 37.802890812)",590.4348755,15
460,p3rlv1905,0.208,2,"(-121.78424797, 37.802793741)",593.0361938,28
461,p3rdt1078lv,0.208,0,"(-121.7864867, 37.797631692)",603.5635376,4
462,p3rlv1906,0.208,2,"(-121.78558135, 37.797670258)",622.720459,4
463,p3rdt1079lv,0.208,0,"(-121.78664038, 37.803084916)",611.2144775,9
464,p3rlv1908,0.208,2,"(-121.78711052, 37.802787201)",614.6529541,33
465,p3rdm1903,0.208,0,"(-121.78628367, 37.803337471)",609.473877,0
466,p3rlv1907,0.208,2,"(-121.78644134, 37.80342021)",609.9649658,0
467,p3rdt1080lv,0.208,0,"(-121.78763596, 37.804237474)",615.1089478,23
468,p3rlv1918,0.208,2,"(-121.7873899, 37.804457426)",618.1832886,0
469,p3rdm1905,0.208,0,"(-121.78777825, 37.804326232)",615.8092651,10
470,p3rlv1909,0.208,4,"(-121.78789374, 37.804210256)",615.4266357,0
471,p3rdm1907,0.208,0,"(-121.7874865, 37.804106925)",614.8000488,23
472,p3rlv1920,0.208,2,"(-121.7876014, 37.804026993)",613.5286255,32
473,p3rdt1081lv,0.208,0,"(-121.78403134, 37.798233914)",617.3719482,0
474,p3rlv1910,0.208,2,"(-121.78406285, 37.798150292)",617.3719482,0
475,p3rlv1916,0.208,2,"(-121.7839925, 37.798284756)",617.1758423,0
476,p3rdt1082lv,0.208,0,"(-121.78530219, 37.804072574)",621.1220703,9
477,p3rlv1911,0.208,2,"(-121.78546434, 37.804122143)",621.5070801,9
478,p3rdt1083lv,0.208,0,"(-121.78469142, 37.80092651)",623.5119629,31
479,p3rlv1912,0.208,2,"(-121.78465288, 37.80095933)",623.5119629,31
480,p3rlv1921,0.208,2,"(-121.78468843, 37.80086957)",623.4838257,31
481,p3rdt1084lv,0.208,0,"(-121.78416812, 37.802149142)",601.6878052,12
482,p3rlv1913,0.208,2,"(-121.78409577, 37.802377587)",599.5488892,42
483,p3rdt1085lv,0.208,0,"(-121.7872421, 37.803906114)",614.7532959,10
484,p3rlv1915,0.208,2,"(-121.78695389, 37.80402934)",615.6226807,0
485,p3rdt1086lv,0.208,0,"(-121.7860656, 37.802808613)",608.1547852,8
486,p3rlv1917,0.208,2,"(-121.78620624, 37.802516518)",610.9232178,15
487,p3rdt1087lv,0.208,0,"(-121.78664756, 37.805531289)",590.161438,45
488,p3rlv1919,0.208,2,"(-121.78720745, 37.805194588)",618.8967896,9
489,p3rdt1447lv,0.208,0,"(-121.79628188, 37.715470339)",167.2776642,0
490,p3rlv2642,0.208,2,"(-121.79624003, 37.715444123)",167.2397003,0
491,p3rdt1452lv,0.208,0,"(-121.79656424, 37.715779536)",166.9565277,0
492,p3rlv2648,0.208,2,"(-121.79661656, 37.715768909)",166.9089203,0
493,p3rdt1454lv,0.208,0,"(-121.79707156, 37.715750015)",166.7510376,0
494,p3rlv2652,0.208,2,"(-121.79712208, 37.715736495)",166.9399872,0
495,p3rdt1057-p3rdt1062xx,12.47,0,"(-121.7896186, 37.807061645)",610.3066406,9
496,p3rdt1057-p3rdt1062xxx,12.47,0,"(-121.78796821, 37.80732554)",614.6688232,7
497,p3rdt1079-p3rdt1082x,12.47,0,"(-121.78673235, 37.803125773)",611.8441772,9
498,p3rdt1082,12.47,0,"(-121.78530936, 37.804114365)",620.8413696,9
499,p3rdt1083,12.47,0,"(-121.78468425, 37.800884719)",623.4838257,31
500,p3rdt1078,12.47,0,"(-121.78649387, 37.797673482)",603.5635376,0
501,p3rdt1081,12.47,0,"(-121.78402417, 37.798192123)",617.3719482,0
502,p3rdt1076-p3rdt1083x,12.47,0,"(-121.78535242, 37.802075092)",604.5396118,19
503,p3rdt1-p3rdt2x,12.47,0,"(-121.7520752, 37.755812686)",205.7941132,0
504,p3rdt2,12.47,0,"(-121.75299683, 37.755892239)",206.5074921,0
505,p3rdt179,12.47,0,"(-121.75542151, 37.739800228)",167.8006134,0
506,p3rdt179-p3rdt78x,12.47,0,"(-121.75750467, 37.738614513)",126.390213,40
507,p3rdt78,12.47,0,"(-121.76141859, 37.737787651)",166.9896851,0
508,p3rdt178,12.47,0,"(-121.75490871, 37.739557663)",167.9508667,0
509,p3rdt154,12.47,0,"(-121.7505526, 37.745773042)",180.5237579,0
510,p3rdt154-p3rdt176x,12.47,0,"(-121.74936606, 37.746141143)",180.5353241,0
511,p3rdt157-p3rdt159x,12.47,0,"(-121.74773062, 37.757032354)",222.4534912,0
512,p3rdt157,12.47,0,"(-121.7480747, 37.756299698)",221.0284882,0
513,p3rdt962,12.47,0,"(-121.77993007, 37.775023167)",307.3284302,0
514,p3rdt961,12.47,0,"(-121.78127767, 37.773645807)",325.1045837,10
515,p3rdt955,12.47,0,"(-121.78029312, 37.775519279)",318.5038147,0
516,p3rdt955-p3rdt959x,12.47,0,"(-121.77798239, 37.778124728)",309.7658386,6
517,p3rdt114,12.47,0,"(-121.78034047, 37.76040875)",206.8195953,0
518,p3rdt112,12.47,0,"(-121.78050644, 37.760671837)",207.4914398,0
519,p3rdt109,12.47,0,"(-121.77901422, 37.758252669)",200.559082,0
520,p3rdt109-p3rdt115xx,12.47,0,"(-121.77905616, 37.758155504)",200.253891,0
521,p3rdt109-p3rdt115x,12.47,0,"(-121.77762314, 37.760897152)",211.712265,0
522,p3rdt110-p3rdt115xx,12.47,0,"(-121.77756442, 37.762867947)",226.0571136,0
523,p3rdt110-p3rdt115x,12.47,0,"(-121.77690249, 37.761917128)",221.6801605,0
524,p3rdt110,12.47,0,"(-121.77761418, 37.76281785)",225.3753052,0
525,p3rdt105-p3rdt106x,12.47,0,"(-121.77384947, 37.75291777)",193.3830109,0
526,p3rdt106,12.47,0,"(-121.77468993, 37.753136579)",193.2264404,0
527,p3rdt10-p3rdt6x,12.47,0,"(-121.7698555, 37.745994135)",177.9333344,0
528,p3rdt10,12.47,0,"(-121.76866711, 37.746478769)",177.2449493,0
529,p3rdt12,12.47,0,"(-121.76332785, 37.744503743)",171.8154907,0
530,p3rdt3,12.47,0,"(-121.76337947, 37.744492949)",171.819931,0
531,p3rdt12-p3rdt69x,12.47,0,"(-121.76338527, 37.743417174)",171.1560974,0
532,p3rdt65-p3rdt80x,12.47,0,"(-121.76330623, 37.74163223)",169.8400726,0
533,p3rdt65,12.47,0,"(-121.76211124, 37.741435045)",169.598877,0
534,p3rdt85,12.47,0,"(-121.76326085, 37.73939891)",168.3479919,0
535,p3rdt73,12.47,0,"(-121.76325535, 37.739047355)",168.0945129,0
536,p3rdt79,12.47,0,"(-121.76327469, 37.739930809)",168.7477264,0
537,p3rdt66,12.47,0,"(-121.76328019, 37.740282365)",168.9896545,0
538,p3rdt83,12.47,0,"(-121.76328246, 37.740456785)",169.0438232,0
539,p3rdt70,12.47,0,"(-121.76328404, 37.740943684)",169.4569397,0
540,p3rdt68,12.47,0,"(-121.76328954, 37.741295239)",169.6473236,0
541,p3rdt68-p3rdt80x,12.47,0,"(-121.76324592, 37.741693528)",169.9034576,0
542,p3rdt71-p3rdt82x,12.47,0,"(-121.76464556, 37.743926054)",172.0183716,0
543,p3rdt82,12.47,0,"(-121.76494115, 37.74256295)",171.4507294,0
544,p3rdt76,12.47,0,"(-121.76481759, 37.740649985)",170.4718933,0
545,p3rdt72,12.47,0,"(-121.76448529, 37.739685483)",169.1110382,0
546,p3rdt75,12.47,0,"(-121.76433191, 37.741649639)",170.5119781,0
547,p3rdt84,12.47,0,"(-121.76515754, 37.742521496)",171.5063629,0
548,p3rdt71-p3rdt84x,12.47,0,"(-121.76460854, 37.743854015)",171.9637299,0
549,p3rdt71-p3rdt84xx,12.47,0,"(-121.76512059, 37.742669187)",171.5647278,0
550,p3rdt129,12.47,0,"(-121.76995308, 37.728864248)",164.7974548,0
551,p3rdt129-p3rdt134x,12.47,0,"(-121.76884927, 37.728603199)",164.3767548,0
552,p3rdt134,12.47,0,"(-121.76853981, 37.728552069)",164.2772522,0
553,p3rdt136,12.47,0,"(-121.76996322, 37.728725815)",164.7381592,0
554,p3rdt132,12.47,0,"(-121.76996082, 37.728185023)",164.3587036,0
555,p3rdt131,12.47,0,"(-121.76994797, 37.734448775)",167.8816528,0
556,p3rdt129-p3rdt131xx,12.47,0,"(-121.76994584, 37.732282852)",166.8666382,0
557,p3rdt129-p3rdt131x,12.47,0,"(-121.76995371, 37.730435313)",165.8852692,0
558,p3rdt130-p3rdt131x,12.47,0,"(-121.76875331, 37.734397417)",167.4613953,0
559,p3rdt130,12.47,0,"(-121.76848122, 37.734392723)",167.3739014,0
560,p3rdt135,12.47,0,"(-121.7708853, 37.735624549)",168.9754486,0
561,p3rdt81,12.47,0,"(-121.7709692, 37.735829371)",169.1998291,0
562,p3rdt67-p3rdt81x,12.47,0,"(-121.76994434, 37.738970828)",171.0946503,0
563,p3rdt120,12.47,0,"(-121.78009857, 37.722377981)",160.9481964,0
564,p3rdt119,12.47,0,"(-121.78090173, 37.722741137)",161.6370544,0
565,p3rdt121,12.47,0,"(-121.78009089, 37.722846567)",161.2219238,0
566,p3rdt117,12.47,0,"(-121.78012615, 37.722985471)",161.4073029,0
567,p3rdt118,12.47,0,"(-121.78022847, 37.723451849)",161.6824341,0
568,p3rdt40,12.47,0,"(-121.7777968, 37.73263774)",172.0050659,0
569,p3rdt118-p3rdt40x,12.47,0,"(-121.77994958, 37.724996332)",162.7853851,0
570,p3rdt42,12.47,0,"(-121.77321797, 37.736411591)",170.9189453,0
571,p3rdt40-p3rdt42x,12.47,0,"(-121.7745468, 37.735422164)",170.4945984,0
572,p3rdt152,12.47,0,"(-121.77277529, 37.736415996)",170.6862488,0
573,p3rdt133,12.47,0,"(-121.77189429, 37.736374115)",170.1786957,0
574,p3rdt133-p3rdt67x,12.47,0,"(-121.76998136, 37.739042866)",171.138382,0
575,p3rdt16,12.47,0,"(-121.76754465, 37.75277366)",182.7605591,0
576,p3rdt4,12.47,0,"(-121.76755137, 37.753053125)",183.5952148,0
577,p3rdt107-p3rdt16x,12.47,0,"(-121.77308526, 37.752420759)",191.3063965,0
578,p3rdt161-p3rdt163x,12.47,0,"(-121.78757666, 37.723510597)",174.6606598,0
579,p3rdt163,12.47,0,"(-121.78612539, 37.722268955)",169.2927551,0
580,p3rdt1447-p3rdt1452x,12.47,0,"(-121.7964873, 37.715830289)",166.9565277,0
581,p3rdt1447,12.47,0,"(-121.79633191, 37.715484971)",167.1965942,0
582,p3rdt162-p3rdt168x,12.47,0,"(-121.78859654, 37.7256855)",183.2233887,4
583,p3rdt168,12.47,0,"(-121.78895812, 37.723902373)",184.0273895,7
584,p3rdt434-p3rdt440x,12.47,0,"(-121.77404598, 37.765119953)",275.5245972,0
585,p3rdt434,12.47,0,"(-121.77957668, 37.764534346)",238.3069305,0
586,p3rdt435-p3rdt440xx,12.47,0,"(-121.77250342, 37.764495489)",260.0750122,7
587,p3rdt435-p3rdt440x,12.47,0,"(-121.7740598, 37.764942907)",273.1237488,7
588,p3rdt435,12.47,0,"(-121.77246147, 37.764592651)",260.234314,8
589,p3rdt437,12.47,0,"(-121.78197302, 37.769326883)",241.637558,10
590,p3rdt439,12.47,0,"(-121.78293839, 37.768615839)",237.4420013,23
591,p3rdt436,12.47,0,"(-121.78150465, 37.770406916)",259.1392212,9
592,p3rdt956,12.47,0,"(-121.78146131, 37.772142579)",292.5517273,0
593,p3rdt956-p3rdt960x,12.47,0,"(-121.77715336, 37.774249216)",285.5886536,0
594,p3rdt956-p3rdt960x_b1_1,12.47,0,"(-121.77757586, 37.774803318)",284.5726013,6
595,p3rdt957,12.47,0,"(-121.77646254, 37.774599662)",287.7322083,0
596,p3rdt963,12.47,0,"(-121.77569136, 37.777084829)",341.316803,7
597,p3rdt957-p3rdt960x,12.47,0,"(-121.77711631, 37.774177181)",286.2258606,0
598,p3rdt438-p3rdt538x,12.47,0,"(-121.78415197, 37.770671525)",274.2259827,9
599,p3rdt438,12.47,0,"(-121.78342471, 37.770116977)",249.0219421,10
600,p3rdt542,12.47,0,"(-121.78591515, 37.767763356)",259.9865723,13
601,p3rdt545,12.47,0,"(-121.78591717, 37.767721075)",259.9865723,13
602,p3rdt539,12.47,0,"(-121.78673283, 37.769168698)",247.5253906,0
603,p3rdt541,12.47,0,"(-121.78582356, 37.769442074)",247.6959686,6
604,p3rdt543,12.47,0,"(-121.78673128, 37.770172444)",257.640564,9
605,p3rdt1075,12.47,0,"(-121.78620882, 37.772267031)",324.0867615,7
606,p3rdt1071,12.47,0,"(-121.78716945, 37.773021634)",337.9151917,12
607,p3rdt1072,12.47,0,"(-121.78471263, 37.771202784)",287.7261658,10
608,p3rdt541-p3rdt547x,12.47,0,"(-121.78506248, 37.76917499)",255.257431,20
609,p3rdt544-p3rdt547x,12.47,0,"(-121.78502809, 37.769102132)",255.3682861,20
610,p3rdt544,12.47,0,"(-121.78403995, 37.768600174)",250.7050476,8
611,p3rdt1077,12.47,0,"(-121.78432914, 37.802932602)",590.4348755,15
612,p3rdt1077_b1_1,12.47,0,"(-121.7827574, 37.802949589)",574.3540649,31
613,p3rdt1077-p3rdt1086x,12.47,0,"(-121.78615757, 37.802849471)",608.9953613,8
614,p3rdt1059-p3rdt1064xx,12.47,0,"(-121.78625461, 37.805797695)",598.4854736,8
615,p3rdt1059-p3rdt1064x,12.47,0,"(-121.78537424, 37.80629337)",589.8377075,6
616,p3rdt1064-p3rdt1087xx,12.47,0,"(-121.78655558, 37.805490432)",587.2661743,45
617,p3rdt1064-p3rdt1087x,12.47,0,"(-121.78621754, 37.805725663)",592.0179443,15
618,p3rdt1085-p3rdt1087x,12.47,0,"(-121.78715013, 37.803865258)",614.7804565,0
619,p3rdt1087,12.47,0,"(-121.78659748, 37.805516652)",590.161438,45
620,p3rdt1058,12.47,0,"(-121.78857579, 37.808591261)",630.1154175,15
621,p3rdt1053,12.47,0,"(-121.7883863, 37.808583646)",631.7640381,14
622,p3rdt1056,12.47,0,"(-121.78913857, 37.808429153)",630.8502197,0
623,p3rdt1065,12.47,0,"(-121.79079178, 37.808058591)",122.2280273,50
624,p3rdt1052-p3rdt1065x,12.47,0,"(-121.79205287, 37.808425844)",630.5919189,7
625,p3rdt0,12.47,0,"(-121.75192726, 37.75986171)",221.7249756,0
626,p3rdt0-p3rdt1x,12.47,0,"(-121.75207435, 37.755887887)",205.9795074,0
627,p3rdt1,12.47,0,"(-121.75211706, 37.755838918)",205.9795074,0
628,p3rdt171,12.47,0,"(-121.75174964, 37.763909375)",261.2529907,0
629,p3rdt171_b1_1,12.47,0,"(-121.75161758, 37.763427469)",253.6785431,0
630,p3rdt156,12.47,0,"(-121.74818675, 37.757733913)",223.4244995,0
631,p3rdt159,12.47,0,"(-121.74772477, 37.757074328)",222.4080658,0
632,p3rdt155,12.47,0,"(-121.74839551, 37.758352343)",225.9039154,0
633,p3rdt158,12.47,0,"(-121.74838368, 37.759520525)",232.9884033,0
634,p3rdt155-p3rdt158x,12.47,0,"(-121.74839119, 37.758841817)",227.9457245,0
635,p3rdt1001,12.47,0,"(-121.77051507, 37.786188898)",410.8501892,0
636,p3rdt1001-p3rdt171x,12.47,0,"(-121.75722083, 37.771868531)",247.4552307,25
637,p3rdt1001-p3rdt171xx,12.47,0,"(-121.75211881, 37.765352488)",291.5704651,0
638,p3rdt74,12.47,0,"(-121.76332965, 37.742395025)",170.3519897,0
639,p3rdt80,12.47,0,"(-121.76329846, 37.741676782)",169.9034576,0
640,p3rdt77,12.47,0,"(-121.76331971, 37.742520931)",170.4863129,0
641,p3rdt69,12.47,0,"(-121.76333472, 37.743430678)",171.144165,0
642,p3rdt71,12.47,0,"(-121.76460077, 37.743898568)",171.9825287,0
643,p3rdt11,12.47,0,"(-121.76847411, 37.745903794)",176.9636841,0
644,p3rdt11-p3rdt71x,12.47,0,"(-121.766255, 37.744754004)",173.716217,0
645,p3rdt6,12.47,0,"(-121.76989828, 37.745968866)",177.9333344,0
646,p3rdt11-p3rdt6x,12.47,0,"(-121.76856282, 37.745895724)",176.9252777,0
647,p3rdt67,12.47,0,"(-121.76993657, 37.739015381)",171.138382,0
648,p3rdt107,12.47,0,"(-121.77310944, 37.752378375)",191.0200958,0
649,p3rdt107_b1_1,12.47,0,"(-121.77176985, 37.752382327)",190.2492828,0
650,p3rdt1454,12.47,0,"(-121.7970288, 37.715775294)",166.8341064,0
651,p3rdt1446,12.47,0,"(-121.79714955, 37.715057883)",167.4939575,0
652,p3rdt1452,12.47,0,"(-121.79650863, 37.715788011)",166.9565277,0
653,p3rdt1452-p3rdt167xxx,12.47,0,"(-121.79336829, 37.720582572)",164.8383179,0
654,p3rdt1452-p3rdt167xx,12.47,0,"(-121.794788, 37.719606099)",167.61763,60
655,p3rdt1452-p3rdt167x,12.47,0,"(-121.79646861, 37.715755368)",167.0661926,0
656,p3rdt165-p3rdt167x,12.47,0,"(-121.79294749, 37.720731247)",165.0100098,0
657,p3rdt165-p3rdt167xx,12.47,0,"(-121.7933976, 37.720644066)",164.8383179,0
658,p3rdt165-p3rdt170xx,12.47,0,"(-121.79255575, 37.720850189)",166.1390076,0
659,p3rdt165-p3rdt170x,12.47,0,"(-121.79300776, 37.720669933)",165.1687164,0
660,p3rdt169,12.47,0,"(-121.78836028, 37.722291948)",173.1861725,0
661,p3rdt170,12.47,0,"(-121.7925976, 37.720876407)",166.491272,0
662,p3rdt166,12.47,0,"(-121.78815608, 37.722289849)",172.9194031,0
663,p3rdt161,12.47,0,"(-121.78761942, 37.723485321)",174.4312744,0
664,p3rdt162,12.47,0,"(-121.78863839, 37.725711719)",183.2003174,4
665,p3rdt164,12.47,0,"(-121.78923624, 37.726549331)",187.2459564,0
666,p3rdt37,12.47,0,"(-121.79041502, 37.727810867)",196.2272034,0
667,p3rdt39,12.47,0,"(-121.79074573, 37.72792576)",198.8717804,0
668,p3rdt35,12.47,0,"(-121.79091041, 37.728050282)",199.524765,0
669,p3rdt36,12.47,0,"(-121.79162906, 37.728517305)",205.4726257,0
670,p3rdt38,12.47,0,"(-121.7918414, 37.729900747)",122.512924,30
671,p3rdt36-p3rdt38x,12.47,0,"(-121.79186637, 37.729733634)",222.019043,0
672,p3rdt128,12.47,0,"(-121.79325285, 37.736140747)",230.5530701,0
673,p3rdt104,12.47,0,"(-121.77770309, 37.752351057)",190.0584717,0
674,p3rdt104-p3rdt128x,12.47,0,"(-121.77893111, 37.751771778)",189.5367584,0
675,p3rdt104-p3rdt107x,12.47,0,"(-121.77316305, 37.752397127)",191.117157,0
676,p3rdt105-p3rdt107x,12.47,0,"(-121.77381243, 37.752845733)",193.1820831,0
677,p3rdt108,12.47,0,"(-121.77409223, 37.754274983)",197.660675,0
678,p3rdt105,12.47,0,"(-121.77380466, 37.752890287)",193.3830109,0
679,p3rdt111,12.47,0,"(-121.77446443, 37.755108028)",199.8732147,0
680,p3rdt115,12.47,0,"(-121.77676297, 37.761666155)",219.1603851,0
681,p3rdt111-p3rdt115x,12.47,0,"(-121.77512857, 37.757275161)",204.010498,0
682,p3rdt440,12.47,0,"(-121.77409927, 37.765120297)",275.546051,0
683,p3rdt960,12.47,0,"(-121.77710854, 37.774221734)",286.2258606,0
684,p3rdt440-p3rdt960x,12.47,0,"(-121.77660638, 37.772999722)",288.8676147,3
685,p3rdt966,12.47,0,"(-121.77762262, 37.774959853)",284.2013855,6
686,p3rdt959,12.47,0,"(-121.77797462, 37.778169282)",312.061615,6
687,p3rdt538,12.47,0,"(-121.78410142, 37.770685038)",274.2259827,9
688,p3rdt547,12.47,0,"(-121.78507189, 37.769130634)",255.3682861,20
689,p3rdt967,12.47,0,"(-121.78366368, 37.773069956)",254.8796387,0
690,p3rdt967_b1_1,12.47,0,"(-121.78318017, 37.772328752)",255.1885834,5
691,p3rdt1073,12.47,0,"(-121.78433434, 37.774410763)",255.4165802,0
692,p3rdt1074,12.47,0,"(-121.78448781, 37.775439798)",258.6721497,0
693,p3rdt1074-p3rdt959x,12.47,0,"(-121.77801944, 37.778196763)",312.061615,6
694,p3rdt1074-p3rdt959x_b1_1,12.47,0,"(-121.7785109, 37.778012534)",316.7432556,4
695,p3rdt964,12.47,0,"(-121.77757614, 37.778684973)",316.2820435,7
696,p3rdt988,12.47,0,"(-121.77744218, 37.783370197)",396.1325073,0
697,p3rdt988_b1_1,12.47,0,"(-121.77638637, 37.78290242)",383.5109253,3
698,p3rdt1001-p3rdt988x,12.47,0,"(-121.77056514, 37.786203542)",410.195343,0
699,p3rdt1001-p3rdt988x_b1_1,12.47,0,"(-121.77117306, 37.785705188)",406.4526367,0
700,p3rdt1001-p3rdt313x,12.47,0,"(-121.77842837, 37.795577438)",535.0073853,4
701,p3rdt1001-p3rdt313x_b1_1,12.47,0,"(-121.7769053, 37.794822608)",526.7105103,2
702,p3rdt1084-p3rdt313x,12.47,0,"(-121.78426009, 37.802190001)",601.5365601,7
703,p3rdt1084-p3rdt313x_b1_1,12.47,0,"(-121.78349743, 37.801461127)",598.8770752,0
704,p3rdt1076,12.47,0,"(-121.78530234, 37.802060454)",604.5396118,22
705,p3rdt1084,12.47,0,"(-121.78421001, 37.802175363)",601.6878052,12
706,p3rdt1086,12.47,0,"(-121.78610749, 37.802834834)",608.1547852,8
707,p3rdt1079,12.47,0,"(-121.78668227, 37.803111136)",611.8441772,9
708,p3rdt1085,12.47,0,"(-121.78719202, 37.803891478)",614.9661865,10
709,p3rdt1080,12.47,0,"(-121.78762879, 37.804195684)",615.1089478,23
710,p3rdt1063,12.47,0,"(-121.78912358, 37.805869395)",615.4298706,8
711,p3rdt1055,12.47,0,"(-121.78923061, 37.806056415)",615.1062012,0
712,p3rdt1066,12.47,0,"(-121.78991819, 37.806598577)",615.4661865,7
713,p3rdt1060,12.47,0,"(-121.79008231, 37.806768157)",614.8458862,10
714,p3rdt1052,12.47,0,"(-121.79200278, 37.808411209)",129.3557129,40
715,p3rdt1052-p3rhs0_1247x_b1_1,12.47,0,"(-121.8342479, 37.831072387)",417.31604,4
716,p3rdt1057lv,0.48,0,"(-121.78946034, 37.807063513)",609.8658447,8
717,p3rlv1868,0.48,1,"(-121.78942914, 37.806875778)",610.9129639,0
718,p3rdt1057,12.47,0,"(-121.78951312, 37.807069036)",609.8658447,8
719,p3rdt540lv,0.48,0,"(-121.79524442, 37.788883041)",409.5362854,0
720,p3rlv998,0.48,1,"(-121.79513475, 37.788503287)",412.1805115,0
721,p3rdt347,12.47,0,"(-121.78961523, 37.792234881)",473.223053,4
722,p3rdt347_b1_1,12.47,0,"(-121.78801275, 37.792062356)",458.5028381,0
723,p3rdt314,12.47,0,"(-121.78289806, 37.792754846)",529.9440308,0
724,p3rdt314_b1_1,12.47,0,"(-121.78311545, 37.793589094)",523.4273071,4
725,p3rdt313,12.47,0,"(-121.77837829, 37.795562798)",537.0548096,4
726,p3rdt313_b1_1,12.47,0,"(-121.77912746, 37.796392497)",537.2822876,7
727,p3rdt176lv,0.48,0,"(-121.74947095, 37.746130711)",180.5911407,0
728,p3rlv323,0.48,1,"(-121.74952422, 37.746130786)",180.5911407,0
729,p3rdt153,12.47,0,"(-121.75029213, 37.749530978)",188.6708221,0
730,p3rdt176,12.47,0,"(-121.74941934, 37.746141499)",180.5353241,0
731,p3rdt159lv,0.48,0,"(-121.74772289, 37.757116611)",222.4080658,0
732,p3rlv289,0.48,1,"(-121.74773435, 37.757157972)",222.361908,0
733,p3rdt33lv,0.48,0,"(-121.79593469, 37.720289905)",165.8097992,0
734,p3rlv57,0.48,1,"(-121.79617606, 37.720070924)",164.5886841,0
735,p3rdt167-p3rdt33x,12.47,0,"(-121.79347535, 37.72062042)",164.9607544,0
736,p3rdt167-p3rdt33xx,12.47,0,"(-121.79602657, 37.720330754)",165.4285583,0
737,p3rdt1446lv,0.48,0,"(-121.79715672, 37.715099673)",167.2832947,0
738,p3rlv2641,0.48,1,"(-121.79731326, 37.714999296)",168.456665,0
739,p3rlv2645,0.48,1,"(-121.79700436, 37.715158375)",167.2512817,0
740,p3rdt113lv,0.48,0,"(-121.77744066, 37.761475964)",217.638504,0
741,p3rlv200,0.48,1,"(-121.77749071, 37.761490605)",218.4210663,0
742,p3rdt113,12.47,0,"(-121.77739879, 37.761449741)",219.1358643,0
743,p3rdt1052-p3rdt1054x,12.47,0,"(-121.7935874, 37.808257458)",648.5875854,9
744,p3rdt1057-p3rdt1062x,12.47,0,"(-121.78956642, 37.807070524)",610.3066406,8
745,p3rdt1062,12.47,0,"(-121.78801011, 37.807351759)",614.6688232,11
746,p3rdt1064,12.47,0,"(-121.78620977, 37.805770216)",598.4854736,8
747,p3rdt1059,12.47,0,"(-121.78532366, 37.806306882)",586.5142212,8
748,p3rdt167,12.47,0,"(-121.79342176, 37.720601677)",164.8383179,0
749,p3rdt165,12.47,0,"(-121.79300001, 37.720714488)",165.1687164,0
750,p3rdt33,12.47,0,"(-121.79597654, 37.720316122)",165.8097992,0
751,p3rdt956-p3rdt960x_b2_1,12.47,0,"(-121.77761904, 37.774938957)",284.2013855,6
752,p3rdt1077_b2_1,12.47,0,"(-121.78255268, 37.802965498)",567.0332642,28
753,p3rdt494,12.47,0,"(-121.78076091, 37.806693411)",459.1444702,23
754,p3rdt171_b2_1,12.47,0,"(-121.75153964, 37.763336516)",252.8768158,0
755,p3rdt107_b2_1,12.47,0,"(-121.77154328, 37.752388967)",189.7471619,0
756,p3rdt967_b2_1,12.47,0,"(-121.78310321, 37.772174741)",255.475174,0
757,p3rdt1074-p3rdt959x_b2_1,12.47,0,"(-121.77853598, 37.77786859)",323.3876648,3
758,p3rdt988_b2_1,12.47,0,"(-121.77620589, 37.782828444)",380.9588013,50
759,p3rdt1001-p3rdt988x_b2_1,12.47,0,"(-121.77118665, 37.785570139)",405.118042,4
760,p3rdt1001-p3rdt313x_b2_1,12.47,0,"(-121.77686017, 37.794804114)",524.4246216,2
761,p3rdt1084-p3rdt313x_b2_1,12.47,0,"(-121.78339759, 37.801315892)",597.7943726,5
762,p3rdt1052-p3rhs0_1247x_b2_1,12.47,0,"(-121.83421072, 37.831184625)",415.5221863,31
763,p3rdt347_b2_1,12.47,0,"(-121.78787604, 37.792087988)",456.9077759,0
764,p3rdt540,12.47,0,"(-121.79519385, 37.788896558)",407.9621887,8
765,p3rdt314_b2_1,12.47,0,"(-121.78320422, 37.793716189)",524.3048096,60
766,p3rdt313_b2_1,12.47,0,"(-121.77916041, 37.79647445)",537.2822876,5
