,Unnamed: 0,2023-03-21 19:00:00+00:00,2023-03-21 20:00:00+00:00,2023-03-21 21:00:00+00:00,2023-03-21 22:00:00+00:00,2023-03-21 23:00:00+00:00,2023-03-22 00:00:00+00:00,2023-03-22 01:00:00+00:00,2023-03-22 02:00:00+00:00,2023-03-22 03:00:00+00:00,2023-03-22 04:00:00+00:00,2023-03-22 05:00:00+00:00
0,,0.7104,0.7754,2.2516,1.133,0.5108,0.898,0.9698,0.8042,1.3638,0.8408,2.1124
1,,0.7104,0.7754,2.2516,1.133,0.5108,0.898,0.9698,0.8042,1.3638,0.8408,2.1124
2,,0.7104,0.7754,2.2516,1.133,0.5108,0.898,0.9698,0.8042,1.3638,0.8408,2.1124
3,,0.7104,0.7754,2.2516,1.133,0.5108,0.898,0.9698,0.8042,1.3638,0.8408,2.1124
4,,0.7104,0.7754,2.2516,1.133,0.5108,0.898,0.9698,0.8042,1.3638,0.8408,2.1124
5,,0.7104,0.7754,2.2516,1.133,0.5108,0.898,0.9698,0.8042,1.3638,0.8408,2.1124
6,,0.7104,0.7754,2.2516,1.133,0.5108,0.898,0.9698,0.8042,1.3638,0.8408,2.1124
7,,0.7104,0.7754,2.2516,1.133,0.5108,0.898,0.9698,0.8042,1.3638,0.8408,2.1124
8,,0.7104,0.7754,2.2516,1.133,0.5108,0.898,0.9698,0.8042,1.3638,0.8408,2.1124
9,,0.7104,0.7754,2.2516,1.133,0.5108,0.898,0.9698,0.8042,1.3638,0.8408,2.1124
10,,2.9216,0.4152,0.7692,1.3194,0.3908,0.4236,1.606,0.5384,0.8808,0.8396,0.819
11,,2.9216,0.4152,0.7692,1.3194,0.3908,0.4236,1.606,0.5384,0.8808,0.8396,0.819
12,,2.9216,0.4152,0.7692,1.3194,0.3908,0.4236,1.606,0.5384,0.8808,0.8396,0.819
13,,2.9216,0.4152,0.7692,1.3194,0.3908,0.4236,1.606,0.5384,0.8808,0.8396,0.819
14,,2.9216,0.4152,0.7692,1.3194,0.3908,0.4236,1.606,0.5384,0.8808,0.8396,0.819
15,,2.9216,0.4152,0.7692,1.3194,0.3908,0.4236,1.606,0.5384,0.8808,0.8396,0.819
16,,2.9216,0.4152,0.7692,1.3194,0.3908,0.4236,1.606,0.5384,0.8808,0.8396,0.819
17,,0.7104,0.7754,2.2516,1.133,0.5108,0.898,0.9698,0.8042,1.3638,0.8408,2.1124
18,,0.7104,0.7754,2.2516,1.133,0.5108,0.898,0.9698,0.8042,1.3638,0.8408,2.1124
19,,0.7104,0.7754,2.2516,1.133,0.5108,0.898,0.9698,0.8042,1.3638,0.8408,2.1124
20,,0.7104,0.7754,2.2516,1.133,0.5108,0.898,0.9698,0.8042,1.3638,0.8408,2.1124
21,,2.9216,0.4152,0.7692,1.3194,0.3908,0.4236,1.606,0.5384,0.8808,0.8396,0.819
22,,2.9216,0.4152,0.7692,1.3194,0.3908,0.4236,1.606,0.5384,0.8808,0.8396,0.819
23,,2.9216,0.4152,0.7692,1.3194,0.3908,0.4236,1.606,0.5384,0.8808,0.8396,0.819
24,,2.9216,0.4152,0.7692,1.3194,0.3908,0.4236,1.606,0.5384,0.8808,0.8396,0.819
25,,2.9216,0.4152,0.7692,1.3194,0.3908,0.4236,1.606,0.5384,0.8808,0.8396,0.819
26,,2.9216,0.4152,0.7692,1.3194,0.3908,0.4236,1.606,0.5384,0.8808,0.8396,0.819
27,,2.9216,0.4152,0.7692,1.3194,0.3908,0.4236,1.606,0.5384,0.8808,0.8396,0.819
28,,0.7104,0.7754,2.2516,1.133,0.5108,0.898,0.9698,0.8042,1.3638,0.8408,2.1124
29,,2.9216,0.4152,0.7692,1.3194,0.3908,0.4236,1.606,0.5384,0.8808,0.8396,0.819
30,,2.9216,0.4152,0.7692,1.3194,0.3908,0.4236,1.606,0.5384,0.8808,0.8396,0.819
31,,2.9216,0.4152,0.7692,1.3194,0.3908,0.4236,1.606,0.5384,0.8808,0.8396,0.819
32,,2.9216,0.4152,0.7692,1.3194,0.3908,0.4236,1.606,0.5384,0.8808,0.8396,0.819
33,,2.9216,0.4152,0.7692,1.3194,0.3908,0.4236,1.606,0.5384,0.8808,0.8396,0.819
34,,2.9216,0.4152,0.7692,1.3194,0.3908,0.4236,1.606,0.5384,0.8808,0.8396,0.819
35,,2.9216,0.4152,0.7692,1.3194,0.3908,0.4236,1.606,0.5384,0.8808,0.8396,0.819
36,,2.9216,0.4152,0.7692,1.3194,0.3908,0.4236,1.606,0.5384,0.8808,0.8396,0.819
37,,2.9216,0.4152,0.7692,1.3194,0.3908,0.4236,1.606,0.5384,0.8808,0.8396,0.819
38,,2.9216,0.4152,0.7692,1.3194,0.3908,0.4236,1.606,0.5384,0.8808,0.8396,0.819
39,,2.9216,0.4152,0.7692,1.3194,0.3908,0.4236,1.606,0.5384,0.8808,0.8396,0.819
40,,2.9216,0.4152,0.7692,1.3194,0.3908,0.4236,1.606,0.5384,0.8808,0.8396,0.819
41,,2.9216,0.4152,0.7692,1.3194,0.3908,0.4236,1.606,0.5384,0.8808,0.8396,0.819
42,,2.9216,0.4152,0.7692,1.3194,0.3908,0.4236,1.606,0.5384,0.8808,0.8396,0.819
43,,2.9216,0.4152,0.7692,1.3194,0.3908,0.4236,1.606,0.5384,0.8808,0.8396,0.819
44,,2.9216,0.4152,0.7692,1.3194,0.3908,0.4236,1.606,0.5384,0.8808,0.8396,0.819
45,,2.9216,0.4152,0.7692,1.3194,0.3908,0.4236,1.606,0.5384,0.8808,0.8396,0.819
46,,2.9216,0.4152,0.7692,1.3194,0.3908,0.4236,1.606,0.5384,0.8808,0.8396,0.819
47,,2.9216,0.4152,0.7692,1.3194,0.3908,0.4236,1.606,0.5384,0.8808,0.8396,0.819
48,,2.9216,0.4152,0.7692,1.3194,0.3908,0.4236,1.606,0.5384,0.8808,0.8396,0.819
49,,2.9216,0.4152,0.7692,1.3194,0.3908,0.4236,1.606,0.5384,0.8808,0.8396,0.819
50,,2.9216,0.4152,0.7692,1.3194,0.3908,0.4236,1.606,0.5384,0.8808,0.8396,0.819
51,,2.9216,0.4152,0.7692,1.3194,0.3908,0.4236,1.606,0.5384,0.8808,0.8396,0.819
52,,2.9216,0.4152,0.7692,1.3194,0.3908,0.4236,1.606,0.5384,0.8808,0.8396,0.819
53,,2.9216,0.4152,0.7692,1.3194,0.3908,0.4236,1.606,0.5384,0.8808,0.8396,0.819
54,,2.9216,0.4152,0.7692,1.3194,0.3908,0.4236,1.606,0.5384,0.8808,0.8396,0.819
55,,2.9216,0.4152,0.7692,1.3194,0.3908,0.4236,1.606,0.5384,0.8808,0.8396,0.819
56,,2.9216,0.4152,0.7692,1.3194,0.3908,0.4236,1.606,0.5384,0.8808,0.8396,0.819
57,,2.9216,0.4152,0.7692,1.3194,0.3908,0.4236,1.606,0.5384,0.8808,0.8396,0.819
58,,2.9216,0.4152,0.7692,1.3194,0.3908,0.4236,1.606,0.5384,0.8808,0.8396,0.819
59,,2.9216,0.4152,0.7692,1.3194,0.3908,0.4236,1.606,0.5384,0.8808,0.8396,0.819
60,,2.9216,0.4152,0.7692,1.3194,0.3908,0.4236,1.606,0.5384,0.8808,0.8396,0.819
61,,2.9216,0.4152,0.7692,1.3194,0.3908,0.4236,1.606,0.5384,0.8808,0.8396,0.819
62,,2.9216,0.4152,0.7692,1.3194,0.3908,0.4236,1.606,0.5384,0.8808,0.8396,0.819
63,,2.9216,0.4152,0.7692,1.3194,0.3908,0.4236,1.606,0.5384,0.8808,0.8396,0.819
64,,2.9216,0.4152,0.7692,1.3194,0.3908,0.4236,1.606,0.5384,0.8808,0.8396,0.819
65,,2.9216,0.4152,0.7692,1.3194,0.3908,0.4236,1.606,0.5384,0.8808,0.8396,0.819
66,,2.9216,0.4152,0.7692,1.3194,0.3908,0.4236,1.606,0.5384,0.8808,0.8396,0.819
67,,2.9216,0.4152,0.7692,1.3194,0.3908,0.4236,1.606,0.5384,0.8808,0.8396,0.819
68,,2.9216,0.4152,0.7692,1.3194,0.3908,0.4236,1.606,0.5384,0.8808,0.8396,0.819
69,,2.9216,0.4152,0.7692,1.3194,0.3908,0.4236,1.606,0.5384,0.8808,0.8396,0.819
70,,2.9216,0.4152,0.7692,1.3194,0.3908,0.4236,1.606,0.5384,0.8808,0.8396,0.819
71,,2.9216,0.4152,0.7692,1.3194,0.3908,0.4236,1.606,0.5384,0.8808,0.8396,0.819
72,,2.9216,0.4152,0.7692,1.3194,0.3908,0.4236,1.606,0.5384,0.8808,0.8396,0.819
73,,2.9216,0.4152,0.7692,1.3194,0.3908,0.4236,1.606,0.5384,0.8808,0.8396,0.819
74,,2.9216,0.4152,0.7692,1.3194,0.3908,0.4236,1.606,0.5384,0.8808,0.8396,0.819
75,,2.9216,0.4152,0.7692,1.3194,0.3908,0.4236,1.606,0.5384,0.8808,0.8396,0.819
76,,2.9216,0.4152,0.7692,1.3194,0.3908,0.4236,1.606,0.5384,0.8808,0.8396,0.819
77,,2.9216,0.4152,0.7692,1.3194,0.3908,0.4236,1.606,0.5384,0.8808,0.8396,0.819
78,,2.9216,0.4152,0.7692,1.3194,0.3908,0.4236,1.606,0.5384,0.8808,0.8396,0.819
79,,2.9216,0.4152,0.7692,1.3194,0.3908,0.4236,1.606,0.5384,0.8808,0.8396,0.819
80,,2.9216,0.4152,0.7692,1.3194,0.3908,0.4236,1.606,0.5384,0.8808,0.8396,0.819
81,,2.9216,0.4152,0.7692,1.3194,0.3908,0.4236,1.606,0.5384,0.8808,0.8396,0.819
82,,2.9216,0.4152,0.7692,1.3194,0.3908,0.4236,1.606,0.5384,0.8808,0.8396,0.819
83,,2.9216,0.4152,0.7692,1.3194,0.3908,0.4236,1.606,0.5384,0.8808,0.8396,0.819
84,,2.9216,0.4152,0.7692,1.3194,0.3908,0.4236,1.606,0.5384,0.8808,0.8396,0.819
85,,2.9216,0.4152,0.7692,1.3194,0.3908,0.4236,1.606,0.5384,0.8808,0.8396,0.819
86,,2.9216,0.4152,0.7692,1.3194,0.3908,0.4236,1.606,0.5384,0.8808,0.8396,0.819
87,,2.9216,0.4152,0.7692,1.3194,0.3908,0.4236,1.606,0.5384,0.8808,0.8396,0.819
88,,2.9216,0.4152,0.7692,1.3194,0.3908,0.4236,1.606,0.5384,0.8808,0.8396,0.819
89,,2.9216,0.4152,0.7692,1.3194,0.3908,0.4236,1.606,0.5384,0.8808,0.8396,0.819
90,,2.9216,0.4152,0.7692,1.3194,0.3908,0.4236,1.606,0.5384,0.8808,0.8396,0.819
91,,2.9216,0.4152,0.7692,1.3194,0.3908,0.4236,1.606,0.5384,0.8808,0.8396,0.819
92,,2.9216,0.4152,0.7692,1.3194,0.3908,0.4236,1.606,0.5384,0.8808,0.8396,0.819
93,,2.9216,0.4152,0.7692,1.3194,0.3908,0.4236,1.606,0.5384,0.8808,0.8396,0.819
94,,2.9216,0.4152,0.7692,1.3194,0.3908,0.4236,1.606,0.5384,0.8808,0.8396,0.819
95,,2.9216,0.4152,0.7692,1.3194,0.3908,0.4236,1.606,0.5384,0.8808,0.8396,0.819
96,,2.9216,0.4152,0.7692,1.3194,0.3908,0.4236,1.606,0.5384,0.8808,0.8396,0.819
97,,2.9216,0.4152,0.7692,1.3194,0.3908,0.4236,1.606,0.5384,0.8808,0.8396,0.819
98,,2.9216,0.4152,0.7692,1.3194,0.3908,0.4236,1.606,0.5384,0.8808,0.8396,0.819
99,,2.9216,0.4152,0.7692,1.3194,0.3908,0.4236,1.606,0.5384,0.8808,0.8396,0.819
100,,2.9216,0.4152,0.7692,1.3194,0.3908,0.4236,1.606,0.5384,0.8808,0.8396,0.819
101,,2.9216,0.4152,0.7692,1.3194,0.3908,0.4236,1.606,0.5384,0.8808,0.8396,0.819
102,,2.9216,0.4152,0.7692,1.3194,0.3908,0.4236,1.606,0.5384,0.8808,0.8396,0.819
103,,2.9216,0.4152,0.7692,1.3194,0.3908,0.4236,1.606,0.5384,0.8808,0.8396,0.819
104,,2.9216,0.4152,0.7692,1.3194,0.3908,0.4236,1.606,0.5384,0.8808,0.8396,0.819
105,,2.9216,0.4152,0.7692,1.3194,0.3908,0.4236,1.606,0.5384,0.8808,0.8396,0.819
106,,2.9216,0.4152,0.7692,1.3194,0.3908,0.4236,1.606,0.5384,0.8808,0.8396,0.819
107,,2.9216,0.4152,0.7692,1.3194,0.3908,0.4236,1.606,0.5384,0.8808,0.8396,0.819
108,,2.9216,0.4152,0.7692,1.3194,0.3908,0.4236,1.606,0.5384,0.8808,0.8396,0.819
109,,0.7104,0.7754,2.2516,1.133,0.5108,0.898,0.9698,0.8042,1.3638,0.8408,2.1124
110,,0.7104,0.7754,2.2516,1.133,0.5108,0.898,0.9698,0.8042,1.3638,0.8408,2.1124
111,,0.7104,0.7754,2.2516,1.133,0.5108,0.898,0.9698,0.8042,1.3638,0.8408,2.1124
112,,0.7104,0.7754,2.2516,1.133,0.5108,0.898,0.9698,0.8042,1.3638,0.8408,2.1124
113,,0.7104,0.7754,2.2516,1.133,0.5108,0.898,0.9698,0.8042,1.3638,0.8408,2.1124
114,,0.7104,0.7754,2.2516,1.133,0.5108,0.898,0.9698,0.8042,1.3638,0.8408,2.1124
115,,0.7104,0.7754,2.2516,1.133,0.5108,0.898,0.9698,0.8042,1.3638,0.8408,2.1124
116,,0.7104,0.7754,2.2516,1.133,0.5108,0.898,0.9698,0.8042,1.3638,0.8408,2.1124
117,,0.7104,0.7754,2.2516,1.133,0.5108,0.898,0.9698,0.8042,1.3638,0.8408,2.1124
118,,0.7104,0.7754,2.2516,1.133,0.5108,0.898,0.9698,0.8042,1.3638,0.8408,2.1124
119,,0.7104,0.7754,2.2516,1.133,0.5108,0.898,0.9698,0.8042,1.3638,0.8408,2.1124
120,,0.7104,0.7754,2.2516,1.133,0.5108,0.898,0.9698,0.8042,1.3638,0.8408,2.1124
121,,0.7104,0.7754,2.2516,1.133,0.5108,0.898,0.9698,0.8042,1.3638,0.8408,2.1124
122,,0.7104,0.7754,2.2516,1.133,0.5108,0.898,0.9698,0.8042,1.3638,0.8408,2.1124
123,,0.7104,0.7754,2.2516,1.133,0.5108,0.898,0.9698,0.8042,1.3638,0.8408,2.1124
124,,0.7104,0.7754,2.2516,1.133,0.5108,0.898,0.9698,0.8042,1.3638,0.8408,2.1124
125,,0.7104,0.7754,2.2516,1.133,0.5108,0.898,0.9698,0.8042,1.3638,0.8408,2.1124
126,,0.7104,0.7754,2.2516,1.133,0.5108,0.898,0.9698,0.8042,1.3638,0.8408,2.1124
127,,0.7104,0.7754,2.2516,1.133,0.5108,0.898,0.9698,0.8042,1.3638,0.8408,2.1124
128,,0.7104,0.7754,2.2516,1.133,0.5108,0.898,0.9698,0.8042,1.3638,0.8408,2.1124
129,,0.7104,0.7754,2.2516,1.133,0.5108,0.898,0.9698,0.8042,1.3638,0.8408,2.1124
130,,0.7104,0.7754,2.2516,1.133,0.5108,0.898,0.9698,0.8042,1.3638,0.8408,2.1124
131,,0.7104,0.7754,2.2516,1.133,0.5108,0.898,0.9698,0.8042,1.3638,0.8408,2.1124
132,,0.7104,0.7754,2.2516,1.133,0.5108,0.898,0.9698,0.8042,1.3638,0.8408,2.1124
133,,0.7104,0.7754,2.2516,1.133,0.5108,0.898,0.9698,0.8042,1.3638,0.8408,2.1124
134,,0.7104,0.7754,2.2516,1.133,0.5108,0.898,0.9698,0.8042,1.3638,0.8408,2.1124
135,,0.7104,0.7754,2.2516,1.133,0.5108,0.898,0.9698,0.8042,1.3638,0.8408,2.1124
136,,0.7104,0.7754,2.2516,1.133,0.5108,0.898,0.9698,0.8042,1.3638,0.8408,2.1124
137,,0.7104,0.7754,2.2516,1.133,0.5108,0.898,0.9698,0.8042,1.3638,0.8408,2.1124
138,,0.7104,0.7754,2.2516,1.133,0.5108,0.898,0.9698,0.8042,1.3638,0.8408,2.1124
139,,2.9216,0.4152,0.7692,1.3194,0.3908,0.4236,1.606,0.5384,0.8808,0.8396,0.819
140,,2.9216,0.4152,0.7692,1.3194,0.3908,0.4236,1.606,0.5384,0.8808,0.8396,0.819
141,,2.9216,0.4152,0.7692,1.3194,0.3908,0.4236,1.606,0.5384,0.8808,0.8396,0.819
142,,2.9216,0.4152,0.7692,1.3194,0.3908,0.4236,1.606,0.5384,0.8808,0.8396,0.819
143,,2.9216,0.4152,0.7692,1.3194,0.3908,0.4236,1.606,0.5384,0.8808,0.8396,0.819
144,,2.9216,0.4152,0.7692,1.3194,0.3908,0.4236,1.606,0.5384,0.8808,0.8396,0.819
145,,2.9216,0.4152,0.7692,1.3194,0.3908,0.4236,1.606,0.5384,0.8808,0.8396,0.819
146,,2.9216,0.4152,0.7692,1.3194,0.3908,0.4236,1.606,0.5384,0.8808,0.8396,0.819
147,,2.9216,0.4152,0.7692,1.3194,0.3908,0.4236,1.606,0.5384,0.8808,0.8396,0.819
148,,2.9216,0.4152,0.7692,1.3194,0.3908,0.4236,1.606,0.5384,0.8808,0.8396,0.819
149,,2.9216,0.4152,0.7692,1.3194,0.3908,0.4236,1.606,0.5384,0.8808,0.8396,0.819
150,,2.9216,0.4152,0.7692,1.3194,0.3908,0.4236,1.606,0.5384,0.8808,0.8396,0.819
151,,2.9216,0.4152,0.7692,1.3194,0.3908,0.4236,1.606,0.5384,0.8808,0.8396,0.819
152,,2.9216,0.4152,0.7692,1.3194,0.3908,0.4236,1.606,0.5384,0.8808,0.8396,0.819
153,,2.9216,0.4152,0.7692,1.3194,0.3908,0.4236,1.606,0.5384,0.8808,0.8396,0.819
154,,2.9216,0.4152,0.7692,1.3194,0.3908,0.4236,1.606,0.5384,0.8808,0.8396,0.819
155,,2.9216,0.4152,0.7692,1.3194,0.3908,0.4236,1.606,0.5384,0.8808,0.8396,0.819
156,,2.9216,0.4152,0.7692,1.3194,0.3908,0.4236,1.606,0.5384,0.8808,0.8396,0.819
157,,2.9216,0.4152,0.7692,1.3194,0.3908,0.4236,1.606,0.5384,0.8808,0.8396,0.819
158,,2.9216,0.4152,0.7692,1.3194,0.3908,0.4236,1.606,0.5384,0.8808,0.8396,0.819
159,,2.9216,0.4152,0.7692,1.3194,0.3908,0.4236,1.606,0.5384,0.8808,0.8396,0.819
160,,2.9216,0.4152,0.7692,1.3194,0.3908,0.4236,1.606,0.5384,0.8808,0.8396,0.819
161,,2.9216,0.4152,0.7692,1.3194,0.3908,0.4236,1.606,0.5384,0.8808,0.8396,0.819
162,,2.9216,0.4152,0.7692,1.3194,0.3908,0.4236,1.606,0.5384,0.8808,0.8396,0.819
163,,2.9216,0.4152,0.7692,1.3194,0.3908,0.4236,1.606,0.5384,0.8808,0.8396,0.819
164,,2.9216,0.4152,0.7692,1.3194,0.3908,0.4236,1.606,0.5384,0.8808,0.8396,0.819
165,,2.9216,0.4152,0.7692,1.3194,0.3908,0.4236,1.606,0.5384,0.8808,0.8396,0.819
166,,2.9216,0.4152,0.7692,1.3194,0.3908,0.4236,1.606,0.5384,0.8808,0.8396,0.819
167,,2.3854,0.4582,0.637,1.2433,0.3242,0.3385,1.1436000000000002,0.3548,0.5059,0.7335,0.6553
168,,2.9216,0.4152,0.7692,1.3194,0.3908,0.4236,1.606,0.5384,0.8808,0.8396,0.819
169,,2.9216,0.4152,0.7692,1.3194,0.3908,0.4236,1.606,0.5384,0.8808,0.8396,0.819
170,,2.9216,0.4152,0.7692,1.3194,0.3908,0.4236,1.606,0.5384,0.8808,0.8396,0.819
171,,0.4676,0.5622,0.8466,0.8022,0.4808,0.6184,0.72,0.3886,0.6144,0.7506,0.647
172,,0.4676,0.5622,0.8466,0.8022,0.4808,0.6184,0.72,0.3886,0.6144,0.7506,0.647
173,,0.4676,0.5622,0.8466,0.8022,0.4808,0.6184,0.72,0.3886,0.6144,0.7506,0.647
174,,0.4676,0.5622,0.8466,0.8022,0.4808,0.6184,0.72,0.3886,0.6144,0.7506,0.647
175,,0.4676,0.5622,0.8466,0.8022,0.4808,0.6184,0.72,0.3886,0.6144,0.7506,0.647
176,,0.4676,0.5622,0.8466,0.8022,0.4808,0.6184,0.72,0.3886,0.6144,0.7506,0.647
177,,0.4676,0.5622,0.8466,0.8022,0.4808,0.6184,0.72,0.3886,0.6144,0.7506,0.647
178,,0.4676,0.5622,0.8466,0.8022,0.4808,0.6184,0.72,0.3886,0.6144,0.7506,0.647
179,,0.4676,0.5622,0.8466,0.8022,0.4808,0.6184,0.72,0.3886,0.6144,0.7506,0.647
180,,0.4676,0.5622,0.8466,0.8022,0.4808,0.6184,0.72,0.3886,0.6144,0.7506,0.647
181,,0.4676,0.5622,0.8466,0.8022,0.4808,0.6184,0.72,0.3886,0.6144,0.7506,0.647
182,,2.9216,0.4152,0.7692,1.3194,0.3908,0.4236,1.606,0.5384,0.8808,0.8396,0.819
183,,2.9216,0.4152,0.7692,1.3194,0.3908,0.4236,1.606,0.5384,0.8808,0.8396,0.819
184,,2.9216,0.4152,0.7692,1.3194,0.3908,0.4236,1.606,0.5384,0.8808,0.8396,0.819
185,,2.9216,0.4152,0.7692,1.3194,0.3908,0.4236,1.606,0.5384,0.8808,0.8396,0.819
186,,2.9216,0.4152,0.7692,1.3194,0.3908,0.4236,1.606,0.5384,0.8808,0.8396,0.819
187,,2.9216,0.4152,0.7692,1.3194,0.3908,0.4236,1.606,0.5384,0.8808,0.8396,0.819
188,,2.9216,0.4152,0.7692,1.3194,0.3908,0.4236,1.606,0.5384,0.8808,0.8396,0.819
189,,2.9216,0.4152,0.7692,1.3194,0.3908,0.4236,1.606,0.5384,0.8808,0.8396,0.819
190,,2.9216,0.4152,0.7692,1.3194,0.3908,0.4236,1.606,0.5384,0.8808,0.8396,0.819
191,,2.9216,0.4152,0.7692,1.3194,0.3908,0.4236,1.606,0.5384,0.8808,0.8396,0.819
192,,2.9216,0.4152,0.7692,1.3194,0.3908,0.4236,1.606,0.5384,0.8808,0.8396,0.819
193,,2.9216,0.4152,0.7692,1.3194,0.3908,0.4236,1.606,0.5384,0.8808,0.8396,0.819
194,,2.9216,0.4152,0.7692,1.3194,0.3908,0.4236,1.606,0.5384,0.8808,0.8396,0.819
195,,2.9216,0.4152,0.7692,1.3194,0.3908,0.4236,1.606,0.5384,0.8808,0.8396,0.819
196,,2.9216,0.4152,0.7692,1.3194,0.3908,0.4236,1.606,0.5384,0.8808,0.8396,0.819
197,,2.9216,0.4152,0.7692,1.3194,0.3908,0.4236,1.606,0.5384,0.8808,0.8396,0.819
198,,2.9216,0.4152,0.7692,1.3194,0.3908,0.4236,1.606,0.5384,0.8808,0.8396,0.819
199,,2.9216,0.4152,0.7692,1.3194,0.3908,0.4236,1.606,0.5384,0.8808,0.8396,0.819
200,,2.9216,0.4152,0.7692,1.3194,0.3908,0.4236,1.606,0.5384,0.8808,0.8396,0.819
201,,2.9216,0.4152,0.7692,1.3194,0.3908,0.4236,1.606,0.5384,0.8808,0.8396,0.819
202,,2.9216,0.4152,0.7692,1.3194,0.3908,0.4236,1.606,0.5384,0.8808,0.8396,0.819
203,,2.9216,0.4152,0.7692,1.3194,0.3908,0.4236,1.606,0.5384,0.8808,0.8396,0.819
204,,2.9216,0.4152,0.7692,1.3194,0.3908,0.4236,1.606,0.5384,0.8808,0.8396,0.819
205,,2.9216,0.4152,0.7692,1.3194,0.3908,0.4236,1.606,0.5384,0.8808,0.8396,0.819
206,,2.9216,0.4152,0.7692,1.3194,0.3908,0.4236,1.606,0.5384,0.8808,0.8396,0.819
207,,2.9216,0.4152,0.7692,1.3194,0.3908,0.4236,1.606,0.5384,0.8808,0.8396,0.819
208,,2.9216,0.4152,0.7692,1.3194,0.3908,0.4236,1.606,0.5384,0.8808,0.8396,0.819
209,,2.9216,0.4152,0.7692,1.3194,0.3908,0.4236,1.606,0.5384,0.8808,0.8396,0.819
210,,2.9216,0.4152,0.7692,1.3194,0.3908,0.4236,1.606,0.5384,0.8808,0.8396,0.819
211,,2.9216,0.4152,0.7692,1.3194,0.3908,0.4236,1.606,0.5384,0.8808,0.8396,0.819
212,,0.7104,0.7754,2.2516,1.133,0.5108,0.898,0.9698,0.8042,1.3638,0.8408,2.1124
213,,0.7104,0.7754,2.2516,1.133,0.5108,0.898,0.9698,0.8042,1.3638,0.8408,2.1124
214,,0.7104,0.7754,2.2516,1.133,0.5108,0.898,0.9698,0.8042,1.3638,0.8408,2.1124
215,,0.7104,0.7754,2.2516,1.133,0.5108,0.898,0.9698,0.8042,1.3638,0.8408,2.1124
216,,2.9216,0.4152,0.7692,1.3194,0.3908,0.4236,1.606,0.5384,0.8808,0.8396,0.819
217,,2.9216,0.4152,0.7692,1.3194,0.3908,0.4236,1.606,0.5384,0.8808,0.8396,0.819
218,,2.9216,0.4152,0.7692,1.3194,0.3908,0.4236,1.606,0.5384,0.8808,0.8396,0.819
219,,2.9216,0.4152,0.7692,1.3194,0.3908,0.4236,1.606,0.5384,0.8808,0.8396,0.819
220,,2.9216,0.4152,0.7692,1.3194,0.3908,0.4236,1.606,0.5384,0.8808,0.8396,0.819
221,,0.7104,0.7754,2.2516,1.133,0.5108,0.898,0.9698,0.8042,1.3638,0.8408,2.1124
222,,0.7104,0.7754,2.2516,1.133,0.5108,0.898,0.9698,0.8042,1.3638,0.8408,2.1124
223,,0.7104,0.7754,2.2516,1.133,0.5108,0.898,0.9698,0.8042,1.3638,0.8408,2.1124
224,,0.7104,0.7754,2.2516,1.133,0.5108,0.898,0.9698,0.8042,1.3638,0.8408,2.1124
225,,0.7104,0.7754,2.2516,1.133,0.5108,0.898,0.9698,0.8042,1.3638,0.8408,2.1124
226,,0.7104,0.7754,2.2516,1.133,0.5108,0.898,0.9698,0.8042,1.3638,0.8408,2.1124
227,,0.7104,0.7754,2.2516,1.133,0.5108,0.898,0.9698,0.8042,1.3638,0.8408,2.1124
228,,0.7104,0.7754,2.2516,1.133,0.5108,0.898,0.9698,0.8042,1.3638,0.8408,2.1124
229,,0.7104,0.7754,2.2516,1.133,0.5108,0.898,0.9698,0.8042,1.3638,0.8408,2.1124
230,,0.7104,0.7754,2.2516,1.133,0.5108,0.898,0.9698,0.8042,1.3638,0.8408,2.1124
231,,0.7104,0.7754,2.2516,1.133,0.5108,0.898,0.9698,0.8042,1.3638,0.8408,2.1124
232,,0.7104,0.7754,2.2516,1.133,0.5108,0.898,0.9698,0.8042,1.3638,0.8408,2.1124
233,,0.7104,0.7754,2.2516,1.133,0.5108,0.898,0.9698,0.8042,1.3638,0.8408,2.1124
234,,0.7104,0.7754,2.2516,1.133,0.5108,0.898,0.9698,0.8042,1.3638,0.8408,2.1124
235,,0.7104,0.7754,2.2516,1.133,0.5108,0.898,0.9698,0.8042,1.3638,0.8408,2.1124
236,,0.7104,0.7754,2.2516,1.133,0.5108,0.898,0.9698,0.8042,1.3638,0.8408,2.1124
237,,0.7104,0.7754,2.2516,1.133,0.5108,0.898,0.9698,0.8042,1.3638,0.8408,2.1124
238,,0.7104,0.7754,2.2516,1.133,0.5108,0.898,0.9698,0.8042,1.3638,0.8408,2.1124
239,,0.7104,0.7754,2.2516,1.133,0.5108,0.898,0.9698,0.8042,1.3638,0.8408,2.1124
240,,0.7104,0.7754,2.2516,1.133,0.5108,0.898,0.9698,0.8042,1.3638,0.8408,2.1124
241,,0.7104,0.7754,2.2516,1.133,0.5108,0.898,0.9698,0.8042,1.3638,0.8408,2.1124
242,,0.7104,0.7754,2.2516,1.133,0.5108,0.898,0.9698,0.8042,1.3638,0.8408,2.1124
243,,0.7104,0.7754,2.2516,1.133,0.5108,0.898,0.9698,0.8042,1.3638,0.8408,2.1124
244,,0.7104,0.7754,2.2516,1.133,0.5108,0.898,0.9698,0.8042,1.3638,0.8408,2.1124
245,,0.7104,0.7754,2.2516,1.133,0.5108,0.898,0.9698,0.8042,1.3638,0.8408,2.1124
246,,0.7104,0.7754,2.2516,1.133,0.5108,0.898,0.9698,0.8042,1.3638,0.8408,2.1124
247,,0.7104,0.7754,2.2516,1.133,0.5108,0.898,0.9698,0.8042,1.3638,0.8408,2.1124
248,,0.7104,0.7754,2.2516,1.133,0.5108,0.898,0.9698,0.8042,1.3638,0.8408,2.1124
249,,0.7104,0.7754,2.2516,1.133,0.5108,0.898,0.9698,0.8042,1.3638,0.8408,2.1124
250,,0.7104,0.7754,2.2516,1.133,0.5108,0.898,0.9698,0.8042,1.3638,0.8408,2.1124
251,,0.7104,0.7754,2.2516,1.133,0.5108,0.898,0.9698,0.8042,1.3638,0.8408,2.1124
252,,0.7104,0.7754,2.2516,1.133,0.5108,0.898,0.9698,0.8042,1.3638,0.8408,2.1124
253,,0.7104,0.7754,2.2516,1.133,0.5108,0.898,0.9698,0.8042,1.3638,0.8408,2.1124
254,,0.7104,0.7754,2.2516,1.133,0.5108,0.898,0.9698,0.8042,1.3638,0.8408,2.1124
255,,0.7104,0.7754,2.2516,1.133,0.5108,0.898,0.9698,0.8042,1.3638,0.8408,2.1124
256,,0.7104,0.7754,2.2516,1.133,0.5108,0.898,0.9698,0.8042,1.3638,0.8408,2.1124
257,,0.7104,0.7754,2.2516,1.133,0.5108,0.898,0.9698,0.8042,1.3638,0.8408,2.1124
258,,0.7104,0.7754,2.2516,1.133,0.5108,0.898,0.9698,0.8042,1.3638,0.8408,2.1124
259,,0.7104,0.7754,2.2516,1.133,0.5108,0.898,0.9698,0.8042,1.3638,0.8408,2.1124
260,,0.7104,0.7754,2.2516,1.133,0.5108,0.898,0.9698,0.8042,1.3638,0.8408,2.1124
261,,0.7104,0.7754,2.2516,1.133,0.5108,0.898,0.9698,0.8042,1.3638,0.8408,2.1124
262,,0.7104,0.7754,2.2516,1.133,0.5108,0.898,0.9698,0.8042,1.3638,0.8408,2.1124
263,,0.7104,0.7754,2.2516,1.133,0.5108,0.898,0.9698,0.8042,1.3638,0.8408,2.1124
264,,0.7104,0.7754,2.2516,1.133,0.5108,0.898,0.9698,0.8042,1.3638,0.8408,2.1124
265,,0.7104,0.7754,2.2516,1.133,0.5108,0.898,0.9698,0.8042,1.3638,0.8408,2.1124
266,,0.7104,0.7754,2.2516,1.133,0.5108,0.898,0.9698,0.8042,1.3638,0.8408,2.1124
267,,0.7104,0.7754,2.2516,1.133,0.5108,0.898,0.9698,0.8042,1.3638,0.8408,2.1124
268,,0.7104,0.7754,2.2516,1.133,0.5108,0.898,0.9698,0.8042,1.3638,0.8408,2.1124
269,,0.7104,0.7754,2.2516,1.133,0.5108,0.898,0.9698,0.8042,1.3638,0.8408,2.1124
270,,0.7104,0.7754,2.2516,1.133,0.5108,0.898,0.9698,0.8042,1.3638,0.8408,2.1124
271,,0.7104,0.7754,2.2516,1.133,0.5108,0.898,0.9698,0.8042,1.3638,0.8408,2.1124
272,,0.7104,0.7754,2.2516,1.133,0.5108,0.898,0.9698,0.8042,1.3638,0.8408,2.1124
273,,0.7104,0.7754,2.2516,1.133,0.5108,0.898,0.9698,0.8042,1.3638,0.8408,2.1124
274,,0.7104,0.7754,2.2516,1.133,0.5108,0.898,0.9698,0.8042,1.3638,0.8408,2.1124
275,,0.7104,0.7754,2.2516,1.133,0.5108,0.898,0.9698,0.8042,1.3638,0.8408,2.1124
276,,0.7104,0.7754,2.2516,1.133,0.5108,0.898,0.9698,0.8042,1.3638,0.8408,2.1124
277,,0.7104,0.7754,2.2516,1.133,0.5108,0.898,0.9698,0.8042,1.3638,0.8408,2.1124
278,,0.7104,0.7754,2.2516,1.133,0.5108,0.898,0.9698,0.8042,1.3638,0.8408,2.1124
279,,0.7104,0.7754,2.2516,1.133,0.5108,0.898,0.9698,0.8042,1.3638,0.8408,2.1124
280,,0.7104,0.7754,2.2516,1.133,0.5108,0.898,0.9698,0.8042,1.3638,0.8408,2.1124
281,,0.7104,0.7754,2.2516,1.133,0.5108,0.898,0.9698,0.8042,1.3638,0.8408,2.1124
282,,0.7104,0.7754,2.2516,1.133,0.5108,0.898,0.9698,0.8042,1.3638,0.8408,2.1124
283,,0.7104,0.7754,2.2516,1.133,0.5108,0.898,0.9698,0.8042,1.3638,0.8408,2.1124
284,,0.7104,0.7754,2.2516,1.133,0.5108,0.898,0.9698,0.8042,1.3638,0.8408,2.1124
285,,0.7104,0.7754,2.2516,1.133,0.5108,0.898,0.9698,0.8042,1.3638,0.8408,2.1124
286,,0.7104,0.7754,2.2516,1.133,0.5108,0.898,0.9698,0.8042,1.3638,0.8408,2.1124
287,,0.7104,0.7754,2.2516,1.133,0.5108,0.898,0.9698,0.8042,1.3638,0.8408,2.1124
288,,0.7104,0.7754,2.2516,1.133,0.5108,0.898,0.9698,0.8042,1.3638,0.8408,2.1124
289,,0.7104,0.7754,2.2516,1.133,0.5108,0.898,0.9698,0.8042,1.3638,0.8408,2.1124
290,,0.7104,0.7754,2.2516,1.133,0.5108,0.898,0.9698,0.8042,1.3638,0.8408,2.1124
291,,0.7104,0.7754,2.2516,1.133,0.5108,0.898,0.9698,0.8042,1.3638,0.8408,2.1124
292,,0.7104,0.7754,2.2516,1.133,0.5108,0.898,0.9698,0.8042,1.3638,0.8408,2.1124
293,,0.7104,0.7754,2.2516,1.133,0.5108,0.898,0.9698,0.8042,1.3638,0.8408,2.1124
294,,0.7104,0.7754,2.2516,1.133,0.5108,0.898,0.9698,0.8042,1.3638,0.8408,2.1124
295,,0.7104,0.7754,2.2516,1.133,0.5108,0.898,0.9698,0.8042,1.3638,0.8408,2.1124
296,,0.7104,0.7754,2.2516,1.133,0.5108,0.898,0.9698,0.8042,1.3638,0.8408,2.1124
297,,0.7104,0.7754,2.2516,1.133,0.5108,0.898,0.9698,0.8042,1.3638,0.8408,2.1124
298,,0.7104,0.7754,2.2516,1.133,0.5108,0.898,0.9698,0.8042,1.3638,0.8408,2.1124
299,,0.7104,0.7754,2.2516,1.133,0.5108,0.898,0.9698,0.8042,1.3638,0.8408,2.1124
300,,0.7104,0.7754,2.2516,1.133,0.5108,0.898,0.9698,0.8042,1.3638,0.8408,2.1124
301,,0.7104,0.7754,2.2516,1.133,0.5108,0.898,0.9698,0.8042,1.3638,0.8408,2.1124
302,,0.7104,0.7754,2.2516,1.133,0.5108,0.898,0.9698,0.8042,1.3638,0.8408,2.1124
303,,0.7104,0.7754,2.2516,1.133,0.5108,0.898,0.9698,0.8042,1.3638,0.8408,2.1124
304,,0.7104,0.7754,2.2516,1.133,0.5108,0.898,0.9698,0.8042,1.3638,0.8408,2.1124
305,,0.7104,0.7754,2.2516,1.133,0.5108,0.898,0.9698,0.8042,1.3638,0.8408,2.1124
306,,0.7104,0.7754,2.2516,1.133,0.5108,0.898,0.9698,0.8042,1.3638,0.8408,2.1124
307,,0.7104,0.7754,2.2516,1.133,0.5108,0.898,0.9698,0.8042,1.3638,0.8408,2.1124
308,,0.7104,0.7754,2.2516,1.133,0.5108,0.898,0.9698,0.8042,1.3638,0.8408,2.1124
309,,0.7104,0.7754,2.2516,1.133,0.5108,0.898,0.9698,0.8042,1.3638,0.8408,2.1124
310,,0.7104,0.7754,2.2516,1.133,0.5108,0.898,0.9698,0.8042,1.3638,0.8408,2.1124
311,,0.7104,0.7754,2.2516,1.133,0.5108,0.898,0.9698,0.8042,1.3638,0.8408,2.1124
312,,0.7104,0.7754,2.2516,1.133,0.5108,0.898,0.9698,0.8042,1.3638,0.8408,2.1124
313,,0.7104,0.7754,2.2516,1.133,0.5108,0.898,0.9698,0.8042,1.3638,0.8408,2.1124
314,,0.7104,0.7754,2.2516,1.133,0.5108,0.898,0.9698,0.8042,1.3638,0.8408,2.1124
315,,0.7104,0.7754,2.2516,1.133,0.5108,0.898,0.9698,0.8042,1.3638,0.8408,2.1124
316,,0.7104,0.7754,2.2516,1.133,0.5108,0.898,0.9698,0.8042,1.3638,0.8408,2.1124
317,,0.7104,0.7754,2.2516,1.133,0.5108,0.898,0.9698,0.8042,1.3638,0.8408,2.1124
318,,0.7104,0.7754,2.2516,1.133,0.5108,0.898,0.9698,0.8042,1.3638,0.8408,2.1124
319,,0.7104,0.7754,2.2516,1.133,0.5108,0.898,0.9698,0.8042,1.3638,0.8408,2.1124
320,,0.7104,0.7754,2.2516,1.133,0.5108,0.898,0.9698,0.8042,1.3638,0.8408,2.1124
321,,0.7104,0.7754,2.2516,1.133,0.5108,0.898,0.9698,0.8042,1.3638,0.8408,2.1124
322,,0.7104,0.7754,2.2516,1.133,0.5108,0.898,0.9698,0.8042,1.3638,0.8408,2.1124
323,,0.7104,0.7754,2.2516,1.133,0.5108,0.898,0.9698,0.8042,1.3638,0.8408,2.1124
324,,0.7104,0.7754,2.2516,1.133,0.5108,0.898,0.9698,0.8042,1.3638,0.8408,2.1124
325,,0.7104,0.7754,2.2516,1.133,0.5108,0.898,0.9698,0.8042,1.3638,0.8408,2.1124
326,,0.7104,0.7754,2.2516,1.133,0.5108,0.898,0.9698,0.8042,1.3638,0.8408,2.1124
327,,0.7104,0.7754,2.2516,1.133,0.5108,0.898,0.9698,0.8042,1.3638,0.8408,2.1124
328,,0.7104,0.7754,2.2516,1.133,0.5108,0.898,0.9698,0.8042,1.3638,0.8408,2.1124
329,,0.7104,0.7754,2.2516,1.133,0.5108,0.898,0.9698,0.8042,1.3638,0.8408,2.1124
330,,0.7104,0.7754,2.2516,1.133,0.5108,0.898,0.9698,0.8042,1.3638,0.8408,2.1124
331,,0.7104,0.7754,2.2516,1.133,0.5108,0.898,0.9698,0.8042,1.3638,0.8408,2.1124
332,,0.7104,0.7754,2.2516,1.133,0.5108,0.898,0.9698,0.8042,1.3638,0.8408,2.1124
333,,0.7104,0.7754,2.2516,1.133,0.5108,0.898,0.9698,0.8042,1.3638,0.8408,2.1124
334,,0.7104,0.7754,2.2516,1.133,0.5108,0.898,0.9698,0.8042,1.3638,0.8408,2.1124
335,,0.7104,0.7754,2.2516,1.133,0.5108,0.898,0.9698,0.8042,1.3638,0.8408,2.1124
336,,0.7104,0.7754,2.2516,1.133,0.5108,0.898,0.9698,0.8042,1.3638,0.8408,2.1124
337,,0.7104,0.7754,2.2516,1.133,0.5108,0.898,0.9698,0.8042,1.3638,0.8408,2.1124
338,,0.7104,0.7754,2.2516,1.133,0.5108,0.898,0.9698,0.8042,1.3638,0.8408,2.1124
339,,0.7104,0.7754,2.2516,1.133,0.5108,0.898,0.9698,0.8042,1.3638,0.8408,2.1124
340,,0.7104,0.7754,2.2516,1.133,0.5108,0.898,0.9698,0.8042,1.3638,0.8408,2.1124
341,,0.7104,0.7754,2.2516,1.133,0.5108,0.898,0.9698,0.8042,1.3638,0.8408,2.1124
342,,0.7104,0.7754,2.2516,1.133,0.5108,0.898,0.9698,0.8042,1.3638,0.8408,2.1124
343,,0.7104,0.7754,2.2516,1.133,0.5108,0.898,0.9698,0.8042,1.3638,0.8408,2.1124
344,,0.7104,0.7754,2.2516,1.133,0.5108,0.898,0.9698,0.8042,1.3638,0.8408,2.1124
345,,2.9216,0.4152,0.7692,1.3194,0.3908,0.4236,1.606,0.5384,0.8808,0.8396,0.819
346,,2.9216,0.4152,0.7692,1.3194,0.3908,0.4236,1.606,0.5384,0.8808,0.8396,0.819
347,,2.9216,0.4152,0.7692,1.3194,0.3908,0.4236,1.606,0.5384,0.8808,0.8396,0.819
348,,0.7104,0.7754,2.2516,1.133,0.5108,0.898,0.9698,0.8042,1.3638,0.8408,2.1124
349,,0.7104,0.7754,2.2516,1.133,0.5108,0.898,0.9698,0.8042,1.3638,0.8408,2.1124
350,,0.7104,0.7754,2.2516,1.133,0.5108,0.898,0.9698,0.8042,1.3638,0.8408,2.1124
351,,0.7104,0.7754,2.2516,1.133,0.5108,0.898,0.9698,0.8042,1.3638,0.8408,2.1124
352,,0.7104,0.7754,2.2516,1.133,0.5108,0.898,0.9698,0.8042,1.3638,0.8408,2.1124
353,,0.7104,0.7754,2.2516,1.133,0.5108,0.898,0.9698,0.8042,1.3638,0.8408,2.1124
354,,0.7104,0.7754,2.2516,1.133,0.5108,0.898,0.9698,0.8042,1.3638,0.8408,2.1124
355,,0.7104,0.7754,2.2516,1.133,0.5108,0.898,0.9698,0.8042,1.3638,0.8408,2.1124
356,,0.7104,0.7754,2.2516,1.133,0.5108,0.898,0.9698,0.8042,1.3638,0.8408,2.1124
357,,0.7104,0.7754,2.2516,1.133,0.5108,0.898,0.9698,0.8042,1.3638,0.8408,2.1124
358,,0.7104,0.7754,2.2516,1.133,0.5108,0.898,0.9698,0.8042,1.3638,0.8408,2.1124
359,,0.7104,0.7754,2.2516,1.133,0.5108,0.898,0.9698,0.8042,1.3638,0.8408,2.1124
360,,2.9216,0.4152,0.7692,1.3194,0.3908,0.4236,1.606,0.5384,0.8808,0.8396,0.819
361,,2.9216,0.4152,0.7692,1.3194,0.3908,0.4236,1.606,0.5384,0.8808,0.8396,0.819
362,,2.9216,0.4152,0.7692,1.3194,0.3908,0.4236,1.606,0.5384,0.8808,0.8396,0.819
363,,2.9216,0.4152,0.7692,1.3194,0.3908,0.4236,1.606,0.5384,0.8808,0.8396,0.819
364,,2.9216,0.4152,0.7692,1.3194,0.3908,0.4236,1.606,0.5384,0.8808,0.8396,0.819
365,,2.9216,0.4152,0.7692,1.3194,0.3908,0.4236,1.606,0.5384,0.8808,0.8396,0.819
366,,2.9216,0.4152,0.7692,1.3194,0.3908,0.4236,1.606,0.5384,0.8808,0.8396,0.819
367,,2.9216,0.4152,0.7692,1.3194,0.3908,0.4236,1.606,0.5384,0.8808,0.8396,0.819
368,,2.3854,0.4582,0.637,1.2433,0.3242,0.3385,1.1436000000000002,0.3548,0.5059,0.7335,0.6553
369,,0.4676,0.5622,0.8466,0.8022,0.4808,0.6184,0.72,0.3886,0.6144,0.7506,0.647
370,,0.4676,0.5622,0.8466,0.8022,0.4808,0.6184,0.72,0.3886,0.6144,0.7506,0.647
371,,0.7104,0.7754,2.2516,1.133,0.5108,0.898,0.9698,0.8042,1.3638,0.8408,2.1124
372,,0.7104,0.7754,2.2516,1.133,0.5108,0.898,0.9698,0.8042,1.3638,0.8408,2.1124
373,,0.7104,0.7754,2.2516,1.133,0.5108,0.898,0.9698,0.8042,1.3638,0.8408,2.1124
374,,0.7104,0.7754,2.2516,1.133,0.5108,0.898,0.9698,0.8042,1.3638,0.8408,2.1124
375,,0.7104,0.7754,2.2516,1.133,0.5108,0.898,0.9698,0.8042,1.3638,0.8408,2.1124
376,,0.7104,0.7754,2.2516,1.133,0.5108,0.898,0.9698,0.8042,1.3638,0.8408,2.1124
377,,0.7104,0.7754,2.2516,1.133,0.5108,0.898,0.9698,0.8042,1.3638,0.8408,2.1124
378,,0.7104,0.7754,2.2516,1.133,0.5108,0.898,0.9698,0.8042,1.3638,0.8408,2.1124
379,,0.7104,0.7754,2.2516,1.133,0.5108,0.898,0.9698,0.8042,1.3638,0.8408,2.1124
380,,0.7104,0.7754,2.2516,1.133,0.5108,0.898,0.9698,0.8042,1.3638,0.8408,2.1124
381,,0.7104,0.7754,2.2516,1.133,0.5108,0.898,0.9698,0.8042,1.3638,0.8408,2.1124
382,,0.7104,0.7754,2.2516,1.133,0.5108,0.898,0.9698,0.8042,1.3638,0.8408,2.1124
383,,0.7104,0.7754,2.2516,1.133,0.5108,0.898,0.9698,0.8042,1.3638,0.8408,2.1124
384,,0.7104,0.7754,2.2516,1.133,0.5108,0.898,0.9698,0.8042,1.3638,0.8408,2.1124
385,,0.7104,0.7754,2.2516,1.133,0.5108,0.898,0.9698,0.8042,1.3638,0.8408,2.1124
386,,0.7104,0.7754,2.2516,1.133,0.5108,0.898,0.9698,0.8042,1.3638,0.8408,2.1124
387,,0.7104,0.7754,2.2516,1.133,0.5108,0.898,0.9698,0.8042,1.3638,0.8408,2.1124
388,,0.7104,0.7754,2.2516,1.133,0.5108,0.898,0.9698,0.8042,1.3638,0.8408,2.1124
389,,2.9216,0.4152,0.7692,1.3194,0.3908,0.4236,1.606,0.5384,0.8808,0.8396,0.819
390,,2.9216,0.4152,0.7692,1.3194,0.3908,0.4236,1.606,0.5384,0.8808,0.8396,0.819
391,,2.9216,0.4152,0.7692,1.3194,0.3908,0.4236,1.606,0.5384,0.8808,0.8396,0.819
392,,2.9216,0.4152,0.7692,1.3194,0.3908,0.4236,1.606,0.5384,0.8808,0.8396,0.819
393,,2.9216,0.4152,0.7692,1.3194,0.3908,0.4236,1.606,0.5384,0.8808,0.8396,0.819
394,,2.9216,0.4152,0.7692,1.3194,0.3908,0.4236,1.606,0.5384,0.8808,0.8396,0.819
395,,2.9216,0.4152,0.7692,1.3194,0.3908,0.4236,1.606,0.5384,0.8808,0.8396,0.819
396,,2.9216,0.4152,0.7692,1.3194,0.3908,0.4236,1.606,0.5384,0.8808,0.8396,0.819
397,,2.9216,0.4152,0.7692,1.3194,0.3908,0.4236,1.606,0.5384,0.8808,0.8396,0.819
398,,2.9216,0.4152,0.7692,1.3194,0.3908,0.4236,1.606,0.5384,0.8808,0.8396,0.819
399,,2.9216,0.4152,0.7692,1.3194,0.3908,0.4236,1.606,0.5384,0.8808,0.8396,0.819
400,,2.9216,0.4152,0.7692,1.3194,0.3908,0.4236,1.606,0.5384,0.8808,0.8396,0.819
401,,2.9216,0.4152,0.7692,1.3194,0.3908,0.4236,1.606,0.5384,0.8808,0.8396,0.819
402,,2.9216,0.4152,0.7692,1.3194,0.3908,0.4236,1.606,0.5384,0.8808,0.8396,0.819
403,,2.9216,0.4152,0.7692,1.3194,0.3908,0.4236,1.606,0.5384,0.8808,0.8396,0.819
404,,2.9216,0.4152,0.7692,1.3194,0.3908,0.4236,1.606,0.5384,0.8808,0.8396,0.819
405,,2.9216,0.4152,0.7692,1.3194,0.3908,0.4236,1.606,0.5384,0.8808,0.8396,0.819
406,,2.9216,0.4152,0.7692,1.3194,0.3908,0.4236,1.606,0.5384,0.8808,0.8396,0.819
407,,2.9216,0.4152,0.7692,1.3194,0.3908,0.4236,1.606,0.5384,0.8808,0.8396,0.819
408,,2.9216,0.4152,0.7692,1.3194,0.3908,0.4236,1.606,0.5384,0.8808,0.8396,0.819
409,,2.9216,0.4152,0.7692,1.3194,0.3908,0.4236,1.606,0.5384,0.8808,0.8396,0.819
410,,2.9216,0.4152,0.7692,1.3194,0.3908,0.4236,1.606,0.5384,0.8808,0.8396,0.819
411,,2.9216,0.4152,0.7692,1.3194,0.3908,0.4236,1.606,0.5384,0.8808,0.8396,0.819
412,,2.9216,0.4152,0.7692,1.3194,0.3908,0.4236,1.606,0.5384,0.8808,0.8396,0.819
413,,2.9216,0.4152,0.7692,1.3194,0.3908,0.4236,1.606,0.5384,0.8808,0.8396,0.819
414,,2.9216,0.4152,0.7692,1.3194,0.3908,0.4236,1.606,0.5384,0.8808,0.8396,0.819
415,,2.9216,0.4152,0.7692,1.3194,0.3908,0.4236,1.606,0.5384,0.8808,0.8396,0.819
416,,2.9216,0.4152,0.7692,1.3194,0.3908,0.4236,1.606,0.5384,0.8808,0.8396,0.819
417,,2.9216,0.4152,0.7692,1.3194,0.3908,0.4236,1.606,0.5384,0.8808,0.8396,0.819
418,,2.9216,0.4152,0.7692,1.3194,0.3908,0.4236,1.606,0.5384,0.8808,0.8396,0.819
419,,2.9216,0.4152,0.7692,1.3194,0.3908,0.4236,1.606,0.5384,0.8808,0.8396,0.819
420,,2.9216,0.4152,0.7692,1.3194,0.3908,0.4236,1.606,0.5384,0.8808,0.8396,0.819
421,,2.9216,0.4152,0.7692,1.3194,0.3908,0.4236,1.606,0.5384,0.8808,0.8396,0.819
422,,2.9216,0.4152,0.7692,1.3194,0.3908,0.4236,1.606,0.5384,0.8808,0.8396,0.819
423,,2.9216,0.4152,0.7692,1.3194,0.3908,0.4236,1.606,0.5384,0.8808,0.8396,0.819
424,,2.9216,0.4152,0.7692,1.3194,0.3908,0.4236,1.606,0.5384,0.8808,0.8396,0.819
425,,2.9216,0.4152,0.7692,1.3194,0.3908,0.4236,1.606,0.5384,0.8808,0.8396,0.819
426,,2.9216,0.4152,0.7692,1.3194,0.3908,0.4236,1.606,0.5384,0.8808,0.8396,0.819
427,,2.9216,0.4152,0.7692,1.3194,0.3908,0.4236,1.606,0.5384,0.8808,0.8396,0.819
428,,2.9216,0.4152,0.7692,1.3194,0.3908,0.4236,1.606,0.5384,0.8808,0.8396,0.819
429,,2.9216,0.4152,0.7692,1.3194,0.3908,0.4236,1.606,0.5384,0.8808,0.8396,0.819
430,,2.9216,0.4152,0.7692,1.3194,0.3908,0.4236,1.606,0.5384,0.8808,0.8396,0.819
431,,2.9216,0.4152,0.7692,1.3194,0.3908,0.4236,1.606,0.5384,0.8808,0.8396,0.819
432,,2.9216,0.4152,0.7692,1.3194,0.3908,0.4236,1.606,0.5384,0.8808,0.8396,0.819
433,,2.9216,0.4152,0.7692,1.3194,0.3908,0.4236,1.606,0.5384,0.8808,0.8396,0.819
434,,2.9216,0.4152,0.7692,1.3194,0.3908,0.4236,1.606,0.5384,0.8808,0.8396,0.819
435,,2.9216,0.4152,0.7692,1.3194,0.3908,0.4236,1.606,0.5384,0.8808,0.8396,0.819
436,,2.9216,0.4152,0.7692,1.3194,0.3908,0.4236,1.606,0.5384,0.8808,0.8396,0.819
437,,2.9216,0.4152,0.7692,1.3194,0.3908,0.4236,1.606,0.5384,0.8808,0.8396,0.819
438,,2.9216,0.4152,0.7692,1.3194,0.3908,0.4236,1.606,0.5384,0.8808,0.8396,0.819
439,,2.9216,0.4152,0.7692,1.3194,0.3908,0.4236,1.606,0.5384,0.8808,0.8396,0.819
440,,2.9216,0.4152,0.7692,1.3194,0.3908,0.4236,1.606,0.5384,0.8808,0.8396,0.819
441,,2.9216,0.4152,0.7692,1.3194,0.3908,0.4236,1.606,0.5384,0.8808,0.8396,0.819
442,,2.9216,0.4152,0.7692,1.3194,0.3908,0.4236,1.606,0.5384,0.8808,0.8396,0.819
443,,2.9216,0.4152,0.7692,1.3194,0.3908,0.4236,1.606,0.5384,0.8808,0.8396,0.819
444,,2.9216,0.4152,0.7692,1.3194,0.3908,0.4236,1.606,0.5384,0.8808,0.8396,0.819
445,,2.9216,0.4152,0.7692,1.3194,0.3908,0.4236,1.606,0.5384,0.8808,0.8396,0.819
446,,2.9216,0.4152,0.7692,1.3194,0.3908,0.4236,1.606,0.5384,0.8808,0.8396,0.819
447,,2.9216,0.4152,0.7692,1.3194,0.3908,0.4236,1.606,0.5384,0.8808,0.8396,0.819
448,,2.9216,0.4152,0.7692,1.3194,0.3908,0.4236,1.606,0.5384,0.8808,0.8396,0.819
449,,2.9216,0.4152,0.7692,1.3194,0.3908,0.4236,1.606,0.5384,0.8808,0.8396,0.819
450,,2.9216,0.4152,0.7692,1.3194,0.3908,0.4236,1.606,0.5384,0.8808,0.8396,0.819
451,,2.9216,0.4152,0.7692,1.3194,0.3908,0.4236,1.606,0.5384,0.8808,0.8396,0.819
452,,2.9216,0.4152,0.7692,1.3194,0.3908,0.4236,1.606,0.5384,0.8808,0.8396,0.819
453,,2.9216,0.4152,0.7692,1.3194,0.3908,0.4236,1.606,0.5384,0.8808,0.8396,0.819
454,,2.9216,0.4152,0.7692,1.3194,0.3908,0.4236,1.606,0.5384,0.8808,0.8396,0.819
455,,2.9216,0.4152,0.7692,1.3194,0.3908,0.4236,1.606,0.5384,0.8808,0.8396,0.819
456,,2.9216,0.4152,0.7692,1.3194,0.3908,0.4236,1.606,0.5384,0.8808,0.8396,0.819
457,,2.9216,0.4152,0.7692,1.3194,0.3908,0.4236,1.606,0.5384,0.8808,0.8396,0.819
458,,2.9216,0.4152,0.7692,1.3194,0.3908,0.4236,1.606,0.5384,0.8808,0.8396,0.819
459,,2.9216,0.4152,0.7692,1.3194,0.3908,0.4236,1.606,0.5384,0.8808,0.8396,0.819
460,,2.9216,0.4152,0.7692,1.3194,0.3908,0.4236,1.606,0.5384,0.8808,0.8396,0.819
461,,2.9216,0.4152,0.7692,1.3194,0.3908,0.4236,1.606,0.5384,0.8808,0.8396,0.819
462,,0.7104,0.7754,2.2516,1.133,0.5108,0.898,0.9698,0.8042,1.3638,0.8408,2.1124
463,,0.7104,0.7754,2.2516,1.133,0.5108,0.898,0.9698,0.8042,1.3638,0.8408,2.1124
464,,0.7104,0.7754,2.2516,1.133,0.5108,0.898,0.9698,0.8042,1.3638,0.8408,2.1124
465,,0.7104,0.7754,2.2516,1.133,0.5108,0.898,0.9698,0.8042,1.3638,0.8408,2.1124
466,,2.9216,0.4152,0.7692,1.3194,0.3908,0.4236,1.606,0.5384,0.8808,0.8396,0.819
467,,2.9216,0.4152,0.7692,1.3194,0.3908,0.4236,1.606,0.5384,0.8808,0.8396,0.819
468,,2.9216,0.4152,0.7692,1.3194,0.3908,0.4236,1.606,0.5384,0.8808,0.8396,0.819
469,,2.9216,0.4152,0.7692,1.3194,0.3908,0.4236,1.606,0.5384,0.8808,0.8396,0.819
470,,2.9216,0.4152,0.7692,1.3194,0.3908,0.4236,1.606,0.5384,0.8808,0.8396,0.819
471,,2.9216,0.4152,0.7692,1.3194,0.3908,0.4236,1.606,0.5384,0.8808,0.8396,0.819
472,,0.7104,0.7754,2.2516,1.133,0.5108,0.898,0.9698,0.8042,1.3638,0.8408,2.1124
473,,0.7104,0.7754,2.2516,1.133,0.5108,0.898,0.9698,0.8042,1.3638,0.8408,2.1124
474,,0.7104,0.7754,2.2516,1.133,0.5108,0.898,0.9698,0.8042,1.3638,0.8408,2.1124
475,,0.7104,0.7754,2.2516,1.133,0.5108,0.898,0.9698,0.8042,1.3638,0.8408,2.1124
476,,0.7104,0.7754,2.2516,1.133,0.5108,0.898,0.9698,0.8042,1.3638,0.8408,2.1124
477,,0.7104,0.7754,2.2516,1.133,0.5108,0.898,0.9698,0.8042,1.3638,0.8408,2.1124
478,,0.7104,0.7754,2.2516,1.133,0.5108,0.898,0.9698,0.8042,1.3638,0.8408,2.1124
479,,0.7104,0.7754,2.2516,1.133,0.5108,0.898,0.9698,0.8042,1.3638,0.8408,2.1124
480,,0.7104,0.7754,2.2516,1.133,0.5108,0.898,0.9698,0.8042,1.3638,0.8408,2.1124
481,,0.7104,0.7754,2.2516,1.133,0.5108,0.898,0.9698,0.8042,1.3638,0.8408,2.1124
482,,0.7104,0.7754,2.2516,1.133,0.5108,0.898,0.9698,0.8042,1.3638,0.8408,2.1124
483,,0.7104,0.7754,2.2516,1.133,0.5108,0.898,0.9698,0.8042,1.3638,0.8408,2.1124
484,,0.7104,0.7754,2.2516,1.133,0.5108,0.898,0.9698,0.8042,1.3638,0.8408,2.1124
485,,0.7104,0.7754,2.2516,1.133,0.5108,0.898,0.9698,0.8042,1.3638,0.8408,2.1124
486,,0.7104,0.7754,2.2516,1.133,0.5108,0.898,0.9698,0.8042,1.3638,0.8408,2.1124
487,,0.7104,0.7754,2.2516,1.133,0.5108,0.898,0.9698,0.8042,1.3638,0.8408,2.1124
488,,0.7104,0.7754,2.2516,1.133,0.5108,0.898,0.9698,0.8042,1.3638,0.8408,2.1124
489,,0.7104,0.7754,2.2516,1.133,0.5108,0.898,0.9698,0.8042,1.3638,0.8408,2.1124
490,,0.7104,0.7754,2.2516,1.133,0.5108,0.898,0.9698,0.8042,1.3638,0.8408,2.1124
491,,0.7104,0.7754,2.2516,1.133,0.5108,0.898,0.9698,0.8042,1.3638,0.8408,2.1124
492,,0.7104,0.7754,2.2516,1.133,0.5108,0.898,0.9698,0.8042,1.3638,0.8408,2.1124
493,,0.7104,0.7754,2.2516,1.133,0.5108,0.898,0.9698,0.8042,1.3638,0.8408,2.1124
494,,0.7104,0.7754,2.2516,1.133,0.5108,0.898,0.9698,0.8042,1.3638,0.8408,2.1124
495,,0.7104,0.7754,2.2516,1.133,0.5108,0.898,0.9698,0.8042,1.3638,0.8408,2.1124
496,,0.7104,0.7754,2.2516,1.133,0.5108,0.898,0.9698,0.8042,1.3638,0.8408,2.1124
497,,0.7104,0.7754,2.2516,1.133,0.5108,0.898,0.9698,0.8042,1.3638,0.8408,2.1124
498,,0.7104,0.7754,2.2516,1.133,0.5108,0.898,0.9698,0.8042,1.3638,0.8408,2.1124
499,,0.7104,0.7754,2.2516,1.133,0.5108,0.898,0.9698,0.8042,1.3638,0.8408,2.1124
500,,0.7104,0.7754,2.2516,1.133,0.5108,0.898,0.9698,0.8042,1.3638,0.8408,2.1124
501,,0.7104,0.7754,2.2516,1.133,0.5108,0.898,0.9698,0.8042,1.3638,0.8408,2.1124
502,,0.7104,0.7754,2.2516,1.133,0.5108,0.898,0.9698,0.8042,1.3638,0.8408,2.1124
503,,0.7104,0.7754,2.2516,1.133,0.5108,0.898,0.9698,0.8042,1.3638,0.8408,2.1124
504,,0.7104,0.7754,2.2516,1.133,0.5108,0.898,0.9698,0.8042,1.3638,0.8408,2.1124
505,,0.7104,0.7754,2.2516,1.133,0.5108,0.898,0.9698,0.8042,1.3638,0.8408,2.1124
506,,0.7104,0.7754,2.2516,1.133,0.5108,0.898,0.9698,0.8042,1.3638,0.8408,2.1124
507,,0.7104,0.7754,2.2516,1.133,0.5108,0.898,0.9698,0.8042,1.3638,0.8408,2.1124
508,,0.7104,0.7754,2.2516,1.133,0.5108,0.898,0.9698,0.8042,1.3638,0.8408,2.1124
509,,0.7104,0.7754,2.2516,1.133,0.5108,0.898,0.9698,0.8042,1.3638,0.8408,2.1124
510,,0.7104,0.7754,2.2516,1.133,0.5108,0.898,0.9698,0.8042,1.3638,0.8408,2.1124
511,,0.7104,0.7754,2.2516,1.133,0.5108,0.898,0.9698,0.8042,1.3638,0.8408,2.1124
512,,0.7104,0.7754,2.2516,1.133,0.5108,0.898,0.9698,0.8042,1.3638,0.8408,2.1124
513,,0.7104,0.7754,2.2516,1.133,0.5108,0.898,0.9698,0.8042,1.3638,0.8408,2.1124
514,,0.7104,0.7754,2.2516,1.133,0.5108,0.898,0.9698,0.8042,1.3638,0.8408,2.1124
515,,0.7104,0.7754,2.2516,1.133,0.5108,0.898,0.9698,0.8042,1.3638,0.8408,2.1124
516,,0.7104,0.7754,2.2516,1.133,0.5108,0.898,0.9698,0.8042,1.3638,0.8408,2.1124
517,,0.7104,0.7754,2.2516,1.133,0.5108,0.898,0.9698,0.8042,1.3638,0.8408,2.1124
518,,0.7104,0.7754,2.2516,1.133,0.5108,0.898,0.9698,0.8042,1.3638,0.8408,2.1124
519,,0.7104,0.7754,2.2516,1.133,0.5108,0.898,0.9698,0.8042,1.3638,0.8408,2.1124
520,,0.7104,0.7754,2.2516,1.133,0.5108,0.898,0.9698,0.8042,1.3638,0.8408,2.1124
521,,0.7104,0.7754,2.2516,1.133,0.5108,0.898,0.9698,0.8042,1.3638,0.8408,2.1124
522,,0.7104,0.7754,2.2516,1.133,0.5108,0.898,0.9698,0.8042,1.3638,0.8408,2.1124
523,,0.7104,0.7754,2.2516,1.133,0.5108,0.898,0.9698,0.8042,1.3638,0.8408,2.1124
524,,0.7104,0.7754,2.2516,1.133,0.5108,0.898,0.9698,0.8042,1.3638,0.8408,2.1124
525,,0.7104,0.7754,2.2516,1.133,0.5108,0.898,0.9698,0.8042,1.3638,0.8408,2.1124
526,,0.7104,0.7754,2.2516,1.133,0.5108,0.898,0.9698,0.8042,1.3638,0.8408,2.1124
527,,0.7104,0.7754,2.2516,1.133,0.5108,0.898,0.9698,0.8042,1.3638,0.8408,2.1124
528,,0.7104,0.7754,2.2516,1.133,0.5108,0.898,0.9698,0.8042,1.3638,0.8408,2.1124
529,,0.7104,0.7754,2.2516,1.133,0.5108,0.898,0.9698,0.8042,1.3638,0.8408,2.1124
530,,0.7104,0.7754,2.2516,1.133,0.5108,0.898,0.9698,0.8042,1.3638,0.8408,2.1124
531,,0.7104,0.7754,2.2516,1.133,0.5108,0.898,0.9698,0.8042,1.3638,0.8408,2.1124
532,,1.816,0.5952999999999999,1.5104,1.2262,0.4508,0.6608,1.2879,0.6713,1.1223,0.8402000000000001,1.4657
533,,0.7104,0.7754,2.2516,1.133,0.5108,0.898,0.9698,0.8042,1.3638,0.8408,2.1124
534,,0.7104,0.7754,2.2516,1.133,0.5108,0.898,0.9698,0.8042,1.3638,0.8408,2.1124
535,,0.7104,0.7754,2.2516,1.133,0.5108,0.898,0.9698,0.8042,1.3638,0.8408,2.1124
536,,0.589,0.6688000000000001,1.5491,0.9676,0.4958,0.7582,0.8449,0.5964,0.9890999999999999,0.7957000000000001,1.3797000000000001
537,,0.7104,0.7754,2.2516,1.133,0.5108,0.898,0.9698,0.8042,1.3638,0.8408,2.1124
538,,0.7104,0.7754,2.2516,1.133,0.5108,0.898,0.9698,0.8042,1.3638,0.8408,2.1124
539,,0.4676,0.5622,0.8466,0.8022,0.4808,0.6184,0.72,0.3886,0.6144,0.7506,0.647
540,,0.4676,0.5622,0.8466,0.8022,0.4808,0.6184,0.72,0.3886,0.6144,0.7506,0.647
541,,0.4676,0.5622,0.8466,0.8022,0.4808,0.6184,0.72,0.3886,0.6144,0.7506,0.647
542,,0.4676,0.5622,0.8466,0.8022,0.4808,0.6184,0.72,0.3886,0.6144,0.7506,0.647
543,,0.4676,0.5622,0.8466,0.8022,0.4808,0.6184,0.72,0.3886,0.6144,0.7506,0.647
544,,0.4676,0.5622,0.8466,0.8022,0.4808,0.6184,0.72,0.3886,0.6144,0.7506,0.647
545,,0.4676,0.5622,0.8466,0.8022,0.4808,0.6184,0.72,0.3886,0.6144,0.7506,0.647
546,,0.4676,0.5622,0.8466,0.8022,0.4808,0.6184,0.72,0.3886,0.6144,0.7506,0.647
547,,0.4676,0.5622,0.8466,0.8022,0.4808,0.6184,0.72,0.3886,0.6144,0.7506,0.647
548,,0.7104,0.7754,2.2516,1.133,0.5108,0.898,0.9698,0.8042,1.3638,0.8408,2.1124
549,,0.7104,0.7754,2.2516,1.133,0.5108,0.898,0.9698,0.8042,1.3638,0.8408,2.1124
550,,0.7104,0.7754,2.2516,1.133,0.5108,0.898,0.9698,0.8042,1.3638,0.8408,2.1124
551,,0.7104,0.7754,2.2516,1.133,0.5108,0.898,0.9698,0.8042,1.3638,0.8408,2.1124
552,,0.7104,0.7754,2.2516,1.133,0.5108,0.898,0.9698,0.8042,1.3638,0.8408,2.1124
553,,2.9216,0.4152,0.7692,1.3194,0.3908,0.4236,1.606,0.5384,0.8808,0.8396,0.819
554,,2.9216,0.4152,0.7692,1.3194,0.3908,0.4236,1.606,0.5384,0.8808,0.8396,0.819
555,,2.9216,0.4152,0.7692,1.3194,0.3908,0.4236,1.606,0.5384,0.8808,0.8396,0.819
556,,2.9216,0.4152,0.7692,1.3194,0.3908,0.4236,1.606,0.5384,0.8808,0.8396,0.819
557,,2.9216,0.4152,0.7692,1.3194,0.3908,0.4236,1.606,0.5384,0.8808,0.8396,0.819
558,,2.9216,0.4152,0.7692,1.3194,0.3908,0.4236,1.606,0.5384,0.8808,0.8396,0.819
559,,2.9216,0.4152,0.7692,1.3194,0.3908,0.4236,1.606,0.5384,0.8808,0.8396,0.819
560,,2.9216,0.4152,0.7692,1.3194,0.3908,0.4236,1.606,0.5384,0.8808,0.8396,0.819
561,,2.9216,0.4152,0.7692,1.3194,0.3908,0.4236,1.606,0.5384,0.8808,0.8396,0.819
562,,2.9216,0.4152,0.7692,1.3194,0.3908,0.4236,1.606,0.5384,0.8808,0.8396,0.819
563,,2.9216,0.4152,0.7692,1.3194,0.3908,0.4236,1.606,0.5384,0.8808,0.8396,0.819
564,,2.9216,0.4152,0.7692,1.3194,0.3908,0.4236,1.606,0.5384,0.8808,0.8396,0.819
565,,2.9216,0.4152,0.7692,1.3194,0.3908,0.4236,1.606,0.5384,0.8808,0.8396,0.819
566,,2.9216,0.4152,0.7692,1.3194,0.3908,0.4236,1.606,0.5384,0.8808,0.8396,0.819
567,,2.9216,0.4152,0.7692,1.3194,0.3908,0.4236,1.606,0.5384,0.8808,0.8396,0.819
568,,2.9216,0.4152,0.7692,1.3194,0.3908,0.4236,1.606,0.5384,0.8808,0.8396,0.819
569,,2.9216,0.4152,0.7692,1.3194,0.3908,0.4236,1.606,0.5384,0.8808,0.8396,0.819
570,,2.9216,0.4152,0.7692,1.3194,0.3908,0.4236,1.606,0.5384,0.8808,0.8396,0.819
571,,2.9216,0.4152,0.7692,1.3194,0.3908,0.4236,1.606,0.5384,0.8808,0.8396,0.819
572,,2.9216,0.4152,0.7692,1.3194,0.3908,0.4236,1.606,0.5384,0.8808,0.8396,0.819
573,,2.9216,0.4152,0.7692,1.3194,0.3908,0.4236,1.606,0.5384,0.8808,0.8396,0.819
574,,2.9216,0.4152,0.7692,1.3194,0.3908,0.4236,1.606,0.5384,0.8808,0.8396,0.819
575,,2.9216,0.4152,0.7692,1.3194,0.3908,0.4236,1.606,0.5384,0.8808,0.8396,0.819
576,,2.9216,0.4152,0.7692,1.3194,0.3908,0.4236,1.606,0.5384,0.8808,0.8396,0.819
577,,2.9216,0.4152,0.7692,1.3194,0.3908,0.4236,1.606,0.5384,0.8808,0.8396,0.819
578,,0.7104,0.7754,2.2516,1.133,0.5108,0.898,0.9698,0.8042,1.3638,0.8408,2.1124
579,,0.7104,0.7754,2.2516,1.133,0.5108,0.898,0.9698,0.8042,1.3638,0.8408,2.1124
580,,0.7104,0.7754,2.2516,1.133,0.5108,0.898,0.9698,0.8042,1.3638,0.8408,2.1124
581,,0.7104,0.7754,2.2516,1.133,0.5108,0.898,0.9698,0.8042,1.3638,0.8408,2.1124
582,,0.7104,0.7754,2.2516,1.133,0.5108,0.898,0.9698,0.8042,1.3638,0.8408,2.1124
583,,2.9216,0.4152,0.7692,1.3194,0.3908,0.4236,1.606,0.5384,0.8808,0.8396,0.819
584,,2.9216,0.4152,0.7692,1.3194,0.3908,0.4236,1.606,0.5384,0.8808,0.8396,0.819
585,,2.9216,0.4152,0.7692,1.3194,0.3908,0.4236,1.606,0.5384,0.8808,0.8396,0.819
586,,2.9216,0.4152,0.7692,1.3194,0.3908,0.4236,1.606,0.5384,0.8808,0.8396,0.819
587,,2.9216,0.4152,0.7692,1.3194,0.3908,0.4236,1.606,0.5384,0.8808,0.8396,0.819
588,,2.9216,0.4152,0.7692,1.3194,0.3908,0.4236,1.606,0.5384,0.8808,0.8396,0.819
589,,2.9216,0.4152,0.7692,1.3194,0.3908,0.4236,1.606,0.5384,0.8808,0.8396,0.819
590,,2.9216,0.4152,0.7692,1.3194,0.3908,0.4236,1.606,0.5384,0.8808,0.8396,0.819
591,,2.9216,0.4152,0.7692,1.3194,0.3908,0.4236,1.606,0.5384,0.8808,0.8396,0.819
592,,2.9216,0.4152,0.7692,1.3194,0.3908,0.4236,1.606,0.5384,0.8808,0.8396,0.819
593,,2.9216,0.4152,0.7692,1.3194,0.3908,0.4236,1.606,0.5384,0.8808,0.8396,0.819
594,,2.9216,0.4152,0.7692,1.3194,0.3908,0.4236,1.606,0.5384,0.8808,0.8396,0.819
595,,2.9216,0.4152,0.7692,1.3194,0.3908,0.4236,1.606,0.5384,0.8808,0.8396,0.819
596,,2.9216,0.4152,0.7692,1.3194,0.3908,0.4236,1.606,0.5384,0.8808,0.8396,0.819
597,,2.9216,0.4152,0.7692,1.3194,0.3908,0.4236,1.606,0.5384,0.8808,0.8396,0.819
598,,2.9216,0.4152,0.7692,1.3194,0.3908,0.4236,1.606,0.5384,0.8808,0.8396,0.819
599,,2.9216,0.4152,0.7692,1.3194,0.3908,0.4236,1.606,0.5384,0.8808,0.8396,0.819
600,,2.9216,0.4152,0.7692,1.3194,0.3908,0.4236,1.606,0.5384,0.8808,0.8396,0.819
601,,2.9216,0.4152,0.7692,1.3194,0.3908,0.4236,1.606,0.5384,0.8808,0.8396,0.819
602,,2.9216,0.4152,0.7692,1.3194,0.3908,0.4236,1.606,0.5384,0.8808,0.8396,0.819
603,,2.9216,0.4152,0.7692,1.3194,0.3908,0.4236,1.606,0.5384,0.8808,0.8396,0.819
604,,2.9216,0.4152,0.7692,1.3194,0.3908,0.4236,1.606,0.5384,0.8808,0.8396,0.819
605,,2.9216,0.4152,0.7692,1.3194,0.3908,0.4236,1.606,0.5384,0.8808,0.8396,0.819
606,,2.9216,0.4152,0.7692,1.3194,0.3908,0.4236,1.606,0.5384,0.8808,0.8396,0.819
607,,2.9216,0.4152,0.7692,1.3194,0.3908,0.4236,1.606,0.5384,0.8808,0.8396,0.819
608,,2.9216,0.4152,0.7692,1.3194,0.3908,0.4236,1.606,0.5384,0.8808,0.8396,0.819
609,,2.9216,0.4152,0.7692,1.3194,0.3908,0.4236,1.606,0.5384,0.8808,0.8396,0.819
610,,2.9216,0.4152,0.7692,1.3194,0.3908,0.4236,1.606,0.5384,0.8808,0.8396,0.819
611,,2.9216,0.4152,0.7692,1.3194,0.3908,0.4236,1.606,0.5384,0.8808,0.8396,0.819
612,,2.9216,0.4152,0.7692,1.3194,0.3908,0.4236,1.606,0.5384,0.8808,0.8396,0.819
613,,2.9216,0.4152,0.7692,1.3194,0.3908,0.4236,1.606,0.5384,0.8808,0.8396,0.819
614,,2.9216,0.4152,0.7692,1.3194,0.3908,0.4236,1.606,0.5384,0.8808,0.8396,0.819
615,,2.9216,0.4152,0.7692,1.3194,0.3908,0.4236,1.606,0.5384,0.8808,0.8396,0.819
616,,2.9216,0.4152,0.7692,1.3194,0.3908,0.4236,1.606,0.5384,0.8808,0.8396,0.819
617,,2.9216,0.4152,0.7692,1.3194,0.3908,0.4236,1.606,0.5384,0.8808,0.8396,0.819
618,,2.9216,0.4152,0.7692,1.3194,0.3908,0.4236,1.606,0.5384,0.8808,0.8396,0.819
619,,2.9216,0.4152,0.7692,1.3194,0.3908,0.4236,1.606,0.5384,0.8808,0.8396,0.819
620,,2.9216,0.4152,0.7692,1.3194,0.3908,0.4236,1.606,0.5384,0.8808,0.8396,0.819
621,,2.9216,0.4152,0.7692,1.3194,0.3908,0.4236,1.606,0.5384,0.8808,0.8396,0.819
622,,2.9216,0.4152,0.7692,1.3194,0.3908,0.4236,1.606,0.5384,0.8808,0.8396,0.819
623,,0.7104,0.7754,2.2516,1.133,0.5108,0.898,0.9698,0.8042,1.3638,0.8408,2.1124
624,,0.7104,0.7754,2.2516,1.133,0.5108,0.898,0.9698,0.8042,1.3638,0.8408,2.1124
625,,1.816,0.5952999999999999,1.5104,1.2262,0.4508,0.6608,1.2879,0.6713,1.1223,0.8402000000000001,1.4657
626,,0.7104,0.7754,2.2516,1.133,0.5108,0.898,0.9698,0.8042,1.3638,0.8408,2.1124
627,,0.7104,0.7754,2.2516,1.133,0.5108,0.898,0.9698,0.8042,1.3638,0.8408,2.1124
628,,0.7104,0.7754,2.2516,1.133,0.5108,0.898,0.9698,0.8042,1.3638,0.8408,2.1124
629,,0.7104,0.7754,2.2516,1.133,0.5108,0.898,0.9698,0.8042,1.3638,0.8408,2.1124
630,,0.7104,0.7754,2.2516,1.133,0.5108,0.898,0.9698,0.8042,1.3638,0.8408,2.1124
631,,0.7104,0.7754,2.2516,1.133,0.5108,0.898,0.9698,0.8042,1.3638,0.8408,2.1124
632,,0.7104,0.7754,2.2516,1.133,0.5108,0.898,0.9698,0.8042,1.3638,0.8408,2.1124
633,,0.7104,0.7754,2.2516,1.133,0.5108,0.898,0.9698,0.8042,1.3638,0.8408,2.1124
634,,0.7104,0.7754,2.2516,1.133,0.5108,0.898,0.9698,0.8042,1.3638,0.8408,2.1124
635,,0.7104,0.7754,2.2516,1.133,0.5108,0.898,0.9698,0.8042,1.3638,0.8408,2.1124
636,,0.7104,0.7754,2.2516,1.133,0.5108,0.898,0.9698,0.8042,1.3638,0.8408,2.1124
637,,0.7104,0.7754,2.2516,1.133,0.5108,0.898,0.9698,0.8042,1.3638,0.8408,2.1124
638,,0.7104,0.7754,2.2516,1.133,0.5108,0.898,0.9698,0.8042,1.3638,0.8408,2.1124
639,,0.7104,0.7754,2.2516,1.133,0.5108,0.898,0.9698,0.8042,1.3638,0.8408,2.1124
640,,0.7104,0.7754,2.2516,1.133,0.5108,0.898,0.9698,0.8042,1.3638,0.8408,2.1124
641,,0.7104,0.7754,2.2516,1.133,0.5108,0.898,0.9698,0.8042,1.3638,0.8408,2.1124
642,,0.7104,0.7754,2.2516,1.133,0.5108,0.898,0.9698,0.8042,1.3638,0.8408,2.1124
643,,0.7104,0.7754,2.2516,1.133,0.5108,0.898,0.9698,0.8042,1.3638,0.8408,2.1124
644,,0.7104,0.7754,2.2516,1.133,0.5108,0.898,0.9698,0.8042,1.3638,0.8408,2.1124
645,,0.7104,0.7754,2.2516,1.133,0.5108,0.898,0.9698,0.8042,1.3638,0.8408,2.1124
646,,0.7104,0.7754,2.2516,1.133,0.5108,0.898,0.9698,0.8042,1.3638,0.8408,2.1124
647,,0.7104,0.7754,2.2516,1.133,0.5108,0.898,0.9698,0.8042,1.3638,0.8408,2.1124
648,,0.7104,0.7754,2.2516,1.133,0.5108,0.898,0.9698,0.8042,1.3638,0.8408,2.1124
649,,0.7104,0.7754,2.2516,1.133,0.5108,0.898,0.9698,0.8042,1.3638,0.8408,2.1124
650,,0.7104,0.7754,2.2516,1.133,0.5108,0.898,0.9698,0.8042,1.3638,0.8408,2.1124
651,,0.7104,0.7754,2.2516,1.133,0.5108,0.898,0.9698,0.8042,1.3638,0.8408,2.1124
652,,0.7104,0.7754,2.2516,1.133,0.5108,0.898,0.9698,0.8042,1.3638,0.8408,2.1124
653,,0.7104,0.7754,2.2516,1.133,0.5108,0.898,0.9698,0.8042,1.3638,0.8408,2.1124
654,,0.7104,0.7754,2.2516,1.133,0.5108,0.898,0.9698,0.8042,1.3638,0.8408,2.1124
655,,0.7104,0.7754,2.2516,1.133,0.5108,0.898,0.9698,0.8042,1.3638,0.8408,2.1124
656,,0.7104,0.7754,2.2516,1.133,0.5108,0.898,0.9698,0.8042,1.3638,0.8408,2.1124
657,,0.7104,0.7754,2.2516,1.133,0.5108,0.898,0.9698,0.8042,1.3638,0.8408,2.1124
658,,0.7104,0.7754,2.2516,1.133,0.5108,0.898,0.9698,0.8042,1.3638,0.8408,2.1124
659,,0.7104,0.7754,2.2516,1.133,0.5108,0.898,0.9698,0.8042,1.3638,0.8408,2.1124
660,,0.7104,0.7754,2.2516,1.133,0.5108,0.898,0.9698,0.8042,1.3638,0.8408,2.1124
661,,0.7104,0.7754,2.2516,1.133,0.5108,0.898,0.9698,0.8042,1.3638,0.8408,2.1124
662,,0.7104,0.7754,2.2516,1.133,0.5108,0.898,0.9698,0.8042,1.3638,0.8408,2.1124
663,,0.7104,0.7754,2.2516,1.133,0.5108,0.898,0.9698,0.8042,1.3638,0.8408,2.1124
664,,0.7104,0.7754,2.2516,1.133,0.5108,0.898,0.9698,0.8042,1.3638,0.8408,2.1124
665,,0.7104,0.7754,2.2516,1.133,0.5108,0.898,0.9698,0.8042,1.3638,0.8408,2.1124
666,,0.7104,0.7754,2.2516,1.133,0.5108,0.898,0.9698,0.8042,1.3638,0.8408,2.1124
667,,0.7104,0.7754,2.2516,1.133,0.5108,0.898,0.9698,0.8042,1.3638,0.8408,2.1124
668,,0.7104,0.7754,2.2516,1.133,0.5108,0.898,0.9698,0.8042,1.3638,0.8408,2.1124
669,,0.7104,0.7754,2.2516,1.133,0.5108,0.898,0.9698,0.8042,1.3638,0.8408,2.1124
670,,0.7104,0.7754,2.2516,1.133,0.5108,0.898,0.9698,0.8042,1.3638,0.8408,2.1124
671,,0.7104,0.7754,2.2516,1.133,0.5108,0.898,0.9698,0.8042,1.3638,0.8408,2.1124
672,,0.7104,0.7754,2.2516,1.133,0.5108,0.898,0.9698,0.8042,1.3638,0.8408,2.1124
673,,0.7104,0.7754,2.2516,1.133,0.5108,0.898,0.9698,0.8042,1.3638,0.8408,2.1124
674,,0.7104,0.7754,2.2516,1.133,0.5108,0.898,0.9698,0.8042,1.3638,0.8408,2.1124
675,,0.7104,0.7754,2.2516,1.133,0.5108,0.898,0.9698,0.8042,1.3638,0.8408,2.1124
676,,0.7104,0.7754,2.2516,1.133,0.5108,0.898,0.9698,0.8042,1.3638,0.8408,2.1124
677,,0.7104,0.7754,2.2516,1.133,0.5108,0.898,0.9698,0.8042,1.3638,0.8408,2.1124
678,,0.7104,0.7754,2.2516,1.133,0.5108,0.898,0.9698,0.8042,1.3638,0.8408,2.1124
679,,0.7104,0.7754,2.2516,1.133,0.5108,0.898,0.9698,0.8042,1.3638,0.8408,2.1124
680,,0.7104,0.7754,2.2516,1.133,0.5108,0.898,0.9698,0.8042,1.3638,0.8408,2.1124
681,,0.7104,0.7754,2.2516,1.133,0.5108,0.898,0.9698,0.8042,1.3638,0.8408,2.1124
682,,0.7104,0.7754,2.2516,1.133,0.5108,0.898,0.9698,0.8042,1.3638,0.8408,2.1124
683,,0.7104,0.7754,2.2516,1.133,0.5108,0.898,0.9698,0.8042,1.3638,0.8408,2.1124
684,,0.7104,0.7754,2.2516,1.133,0.5108,0.898,0.9698,0.8042,1.3638,0.8408,2.1124
685,,0.7104,0.7754,2.2516,1.133,0.5108,0.898,0.9698,0.8042,1.3638,0.8408,2.1124
686,,0.7104,0.7754,2.2516,1.133,0.5108,0.898,0.9698,0.8042,1.3638,0.8408,2.1124
687,,0.7104,0.7754,2.2516,1.133,0.5108,0.898,0.9698,0.8042,1.3638,0.8408,2.1124
688,,0.7104,0.7754,2.2516,1.133,0.5108,0.898,0.9698,0.8042,1.3638,0.8408,2.1124
689,,0.7104,0.7754,2.2516,1.133,0.5108,0.898,0.9698,0.8042,1.3638,0.8408,2.1124
690,,0.7104,0.7754,2.2516,1.133,0.5108,0.898,0.9698,0.8042,1.3638,0.8408,2.1124
691,,0.7104,0.7754,2.2516,1.133,0.5108,0.898,0.9698,0.8042,1.3638,0.8408,2.1124
692,,0.7104,0.7754,2.2516,1.133,0.5108,0.898,0.9698,0.8042,1.3638,0.8408,2.1124
693,,0.7104,0.7754,2.2516,1.133,0.5108,0.898,0.9698,0.8042,1.3638,0.8408,2.1124
694,,0.7104,0.7754,2.2516,1.133,0.5108,0.898,0.9698,0.8042,1.3638,0.8408,2.1124
695,,0.7104,0.7754,2.2516,1.133,0.5108,0.898,0.9698,0.8042,1.3638,0.8408,2.1124
696,,0.7104,0.7754,2.2516,1.133,0.5108,0.898,0.9698,0.8042,1.3638,0.8408,2.1124
697,,0.7104,0.7754,2.2516,1.133,0.5108,0.898,0.9698,0.8042,1.3638,0.8408,2.1124
698,,0.7104,0.7754,2.2516,1.133,0.5108,0.898,0.9698,0.8042,1.3638,0.8408,2.1124
699,,0.7104,0.7754,2.2516,1.133,0.5108,0.898,0.9698,0.8042,1.3638,0.8408,2.1124
700,,0.7104,0.7754,2.2516,1.133,0.5108,0.898,0.9698,0.8042,1.3638,0.8408,2.1124
701,,0.7104,0.7754,2.2516,1.133,0.5108,0.898,0.9698,0.8042,1.3638,0.8408,2.1124
702,,0.7104,0.7754,2.2516,1.133,0.5108,0.898,0.9698,0.8042,1.3638,0.8408,2.1124
703,,0.7104,0.7754,2.2516,1.133,0.5108,0.898,0.9698,0.8042,1.3638,0.8408,2.1124
704,,0.7104,0.7754,2.2516,1.133,0.5108,0.898,0.9698,0.8042,1.3638,0.8408,2.1124
705,,0.7104,0.7754,2.2516,1.133,0.5108,0.898,0.9698,0.8042,1.3638,0.8408,2.1124
706,,0.7104,0.7754,2.2516,1.133,0.5108,0.898,0.9698,0.8042,1.3638,0.8408,2.1124
707,,0.7104,0.7754,2.2516,1.133,0.5108,0.898,0.9698,0.8042,1.3638,0.8408,2.1124
708,,0.7104,0.7754,2.2516,1.133,0.5108,0.898,0.9698,0.8042,1.3638,0.8408,2.1124
709,,0.7104,0.7754,2.2516,1.133,0.5108,0.898,0.9698,0.8042,1.3638,0.8408,2.1124
710,,0.7104,0.7754,2.2516,1.133,0.5108,0.898,0.9698,0.8042,1.3638,0.8408,2.1124
711,,0.7104,0.7754,2.2516,1.133,0.5108,0.898,0.9698,0.8042,1.3638,0.8408,2.1124
712,,0.7104,0.7754,2.2516,1.133,0.5108,0.898,0.9698,0.8042,1.3638,0.8408,2.1124
713,,0.7104,0.7754,2.2516,1.133,0.5108,0.898,0.9698,0.8042,1.3638,0.8408,2.1124
714,,0.7104,0.7754,2.2516,1.133,0.5108,0.898,0.9698,0.8042,1.3638,0.8408,2.1124
715,,0.7104,0.7754,2.2516,1.133,0.5108,0.898,0.9698,0.8042,1.3638,0.8408,2.1124
716,,0.7104,0.7754,2.2516,1.133,0.5108,0.898,0.9698,0.8042,1.3638,0.8408,2.1124
717,,0.7104,0.7754,2.2516,1.133,0.5108,0.898,0.9698,0.8042,1.3638,0.8408,2.1124
718,,0.7104,0.7754,2.2516,1.133,0.5108,0.898,0.9698,0.8042,1.3638,0.8408,2.1124
719,,0.7104,0.7754,2.2516,1.133,0.5108,0.898,0.9698,0.8042,1.3638,0.8408,2.1124
720,,0.7104,0.7754,2.2516,1.133,0.5108,0.898,0.9698,0.8042,1.3638,0.8408,2.1124
721,,0.7104,0.7754,2.2516,1.133,0.5108,0.898,0.9698,0.8042,1.3638,0.8408,2.1124
722,,0.7104,0.7754,2.2516,1.133,0.5108,0.898,0.9698,0.8042,1.3638,0.8408,2.1124
723,,0.7104,0.7754,2.2516,1.133,0.5108,0.898,0.9698,0.8042,1.3638,0.8408,2.1124
724,,0.7104,0.7754,2.2516,1.133,0.5108,0.898,0.9698,0.8042,1.3638,0.8408,2.1124
725,,1.8492,0.5012,0.5048,1.1672,0.2576,0.2534,0.6812,0.1712,0.131,0.6274,0.4916
726,,2.3854,0.4582,0.637,1.2433,0.3242,0.3385,1.1436000000000002,0.3548,0.5059,0.7335,0.6553
727,,2.9216,0.4152,0.7692,1.3194,0.3908,0.4236,1.606,0.5384,0.8808,0.8396,0.819
728,,1.8492,0.5012,0.5048,1.1672,0.2576,0.2534,0.6812,0.1712,0.131,0.6274,0.4916
729,,1.8492,0.5012,0.5048,1.1672,0.2576,0.2534,0.6812,0.1712,0.131,0.6274,0.4916
730,,0.4676,0.5622,0.8466,0.8022,0.4808,0.6184,0.72,0.3886,0.6144,0.7506,0.647
731,,2.9216,0.4152,0.7692,1.3194,0.3908,0.4236,1.606,0.5384,0.8808,0.8396,0.819
732,,2.9216,0.4152,0.7692,1.3194,0.3908,0.4236,1.606,0.5384,0.8808,0.8396,0.819
733,,2.9216,0.4152,0.7692,1.3194,0.3908,0.4236,1.606,0.5384,0.8808,0.8396,0.819
734,,2.9216,0.4152,0.7692,1.3194,0.3908,0.4236,1.606,0.5384,0.8808,0.8396,0.819
735,,2.9216,0.4152,0.7692,1.3194,0.3908,0.4236,1.606,0.5384,0.8808,0.8396,0.819
736,,0.7104,0.7754,2.2516,1.133,0.5108,0.898,0.9698,0.8042,1.3638,0.8408,2.1124
737,,0.7104,0.7754,2.2516,1.133,0.5108,0.898,0.9698,0.8042,1.3638,0.8408,2.1124
738,,0.7104,0.7754,2.2516,1.133,0.5108,0.898,0.9698,0.8042,1.3638,0.8408,2.1124
739,,0.7104,0.7754,2.2516,1.133,0.5108,0.898,0.9698,0.8042,1.3638,0.8408,2.1124
740,,0.7104,0.7754,2.2516,1.133,0.5108,0.898,0.9698,0.8042,1.3638,0.8408,2.1124
741,,0.7104,0.7754,2.2516,1.133,0.5108,0.898,0.9698,0.8042,1.3638,0.8408,2.1124
742,,0.7104,0.7754,2.2516,1.133,0.5108,0.898,0.9698,0.8042,1.3638,0.8408,2.1124
743,,0.7104,0.7754,2.2516,1.133,0.5108,0.898,0.9698,0.8042,1.3638,0.8408,2.1124
744,,2.9216,0.4152,0.7692,1.3194,0.3908,0.4236,1.606,0.5384,0.8808,0.8396,0.819
745,,2.9216,0.4152,0.7692,1.3194,0.3908,0.4236,1.606,0.5384,0.8808,0.8396,0.819
746,,2.9216,0.4152,0.7692,1.3194,0.3908,0.4236,1.606,0.5384,0.8808,0.8396,0.819
747,,2.9216,0.4152,0.7692,1.3194,0.3908,0.4236,1.606,0.5384,0.8808,0.8396,0.819
748,,2.9216,0.4152,0.7692,1.3194,0.3908,0.4236,1.606,0.5384,0.8808,0.8396,0.819
749,,2.9216,0.4152,0.7692,1.3194,0.3908,0.4236,1.606,0.5384,0.8808,0.8396,0.819
750,,0.7104,0.7754,2.2516,1.133,0.5108,0.898,0.9698,0.8042,1.3638,0.8408,2.1124
751,,0.7104,0.7754,2.2516,1.133,0.5108,0.898,0.9698,0.8042,1.3638,0.8408,2.1124
752,,0.7104,0.7754,2.2516,1.133,0.5108,0.898,0.9698,0.8042,1.3638,0.8408,2.1124
753,,0.7104,0.7754,2.2516,1.133,0.5108,0.898,0.9698,0.8042,1.3638,0.8408,2.1124
754,,1.816,0.5952999999999999,1.5104,1.2262,0.4508,0.6608,1.2879,0.6713,1.1223,0.8402000000000001,1.4657
755,,0.7104,0.7754,2.2516,1.133,0.5108,0.898,0.9698,0.8042,1.3638,0.8408,2.1124
756,,0.7104,0.7754,2.2516,1.133,0.5108,0.898,0.9698,0.8042,1.3638,0.8408,2.1124
757,,0.7104,0.7754,2.2516,1.133,0.5108,0.898,0.9698,0.8042,1.3638,0.8408,2.1124
758,,0.7104,0.7754,2.2516,1.133,0.5108,0.898,0.9698,0.8042,1.3638,0.8408,2.1124
759,,0.7104,0.7754,2.2516,1.133,0.5108,0.898,0.9698,0.8042,1.3638,0.8408,2.1124
760,,0.7104,0.7754,2.2516,1.133,0.5108,0.898,0.9698,0.8042,1.3638,0.8408,2.1124
761,,0.7104,0.7754,2.2516,1.133,0.5108,0.898,0.9698,0.8042,1.3638,0.8408,2.1124
762,,0.7104,0.7754,2.2516,1.133,0.5108,0.898,0.9698,0.8042,1.3638,0.8408,2.1124
763,,0.7104,0.7754,2.2516,1.133,0.5108,0.898,0.9698,0.8042,1.3638,0.8408,2.1124
764,,0.7104,0.7754,2.2516,1.133,0.5108,0.898,0.9698,0.8042,1.3638,0.8408,2.1124
765,,0.7104,0.7754,2.2516,1.133,0.5108,0.898,0.9698,0.8042,1.3638,0.8408,2.1124
