,Unnamed: 0,2023-03-14 14:00:00+00:00,2023-03-14 15:00:00+00:00,2023-03-14 16:00:00+00:00,2023-03-14 17:00:00+00:00,2023-03-14 18:00:00+00:00,2023-03-14 19:00:00+00:00,2023-03-14 20:00:00+00:00,2023-03-14 21:00:00+00:00
0,,1.0752,0.843,0.809,0.5564,1.7992,0.0,0.0,0.0
1,,1.0752,0.843,0.809,0.5564,1.7992,0.0,0.0,0.0
2,,1.0752,0.843,0.809,0.5564,1.7992,0.0,0.0,0.0
3,,1.0752,0.843,0.809,0.5564,1.7992,0.0,0.0,0.0
4,,1.0752,0.843,0.809,0.5564,1.7992,0.0,0.0,0.0
5,,1.0752,0.843,0.809,0.5564,1.7992,0.0,0.0,0.0
6,,1.0752,0.843,0.809,0.5564,1.7992,0.0,0.0,0.0
7,,1.0752,0.843,0.809,0.5564,1.7992,0.0,0.0,0.0
8,,1.0752,0.843,0.809,0.5564,1.7992,0.0,0.0,0.0
9,,1.0752,0.843,0.809,0.5564,1.7992,0.0,0.0,0.0
10,,0.568,0.4814,0.3312,0.3362,0.3248,0.0012,0.002,0.0012
11,,0.568,0.4814,0.3312,0.3362,0.3248,0.0012,0.002,0.0012
12,,0.568,0.4814,0.3312,0.3362,0.3248,0.0012,0.002,0.0012
13,,0.568,0.4814,0.3312,0.3362,0.3248,0.0012,0.002,0.0012
14,,0.568,0.4814,0.3312,0.3362,0.3248,0.0012,0.002,0.0012
15,,0.568,0.4814,0.3312,0.3362,0.3248,0.0012,0.002,0.0012
16,,0.568,0.4814,0.3312,0.3362,0.3248,0.0012,0.002,0.0012
17,,1.0752,0.843,0.809,0.5564,1.7992,0.0,0.0,0.0
18,,1.0752,0.843,0.809,0.5564,1.7992,0.0,0.0,0.0
19,,1.0752,0.843,0.809,0.5564,1.7992,0.0,0.0,0.0
20,,1.0752,0.843,0.809,0.5564,1.7992,0.0,0.0,0.0
21,,0.568,0.4814,0.3312,0.3362,0.3248,0.0012,0.002,0.0012
22,,0.568,0.4814,0.3312,0.3362,0.3248,0.0012,0.002,0.0012
23,,0.568,0.4814,0.3312,0.3362,0.3248,0.0012,0.002,0.0012
24,,0.568,0.4814,0.3312,0.3362,0.3248,0.0012,0.002,0.0012
25,,0.568,0.4814,0.3312,0.3362,0.3248,0.0012,0.002,0.0012
26,,0.568,0.4814,0.3312,0.3362,0.3248,0.0012,0.002,0.0012
27,,0.568,0.4814,0.3312,0.3362,0.3248,0.0012,0.002,0.0012
28,,1.0752,0.843,0.809,0.5564,1.7992,0.0,0.0,0.0
29,,0.568,0.4814,0.3312,0.3362,0.3248,0.0012,0.002,0.0012
30,,0.568,0.4814,0.3312,0.3362,0.3248,0.0012,0.002,0.0012
31,,0.568,0.4814,0.3312,0.3362,0.3248,0.0012,0.002,0.0012
32,,0.568,0.4814,0.3312,0.3362,0.3248,0.0012,0.002,0.0012
33,,0.568,0.4814,0.3312,0.3362,0.3248,0.0012,0.002,0.0012
34,,0.568,0.4814,0.3312,0.3362,0.3248,0.0012,0.002,0.0012
35,,0.568,0.4814,0.3312,0.3362,0.3248,0.0012,0.002,0.0012
36,,0.568,0.4814,0.3312,0.3362,0.3248,0.0012,0.002,0.0012
37,,0.568,0.4814,0.3312,0.3362,0.3248,0.0012,0.002,0.0012
38,,0.568,0.4814,0.3312,0.3362,0.3248,0.0012,0.002,0.0012
39,,0.568,0.4814,0.3312,0.3362,0.3248,0.0012,0.002,0.0012
40,,0.568,0.4814,0.3312,0.3362,0.3248,0.0012,0.002,0.0012
41,,0.568,0.4814,0.3312,0.3362,0.3248,0.0012,0.002,0.0012
42,,0.568,0.4814,0.3312,0.3362,0.3248,0.0012,0.002,0.0012
43,,0.568,0.4814,0.3312,0.3362,0.3248,0.0012,0.002,0.0012
44,,0.568,0.4814,0.3312,0.3362,0.3248,0.0012,0.002,0.0012
45,,0.568,0.4814,0.3312,0.3362,0.3248,0.0012,0.002,0.0012
46,,0.568,0.4814,0.3312,0.3362,0.3248,0.0012,0.002,0.0012
47,,0.568,0.4814,0.3312,0.3362,0.3248,0.0012,0.002,0.0012
48,,0.568,0.4814,0.3312,0.3362,0.3248,0.0012,0.002,0.0012
49,,0.568,0.4814,0.3312,0.3362,0.3248,0.0012,0.002,0.0012
50,,0.568,0.4814,0.3312,0.3362,0.3248,0.0012,0.002,0.0012
51,,0.568,0.4814,0.3312,0.3362,0.3248,0.0012,0.002,0.0012
52,,0.568,0.4814,0.3312,0.3362,0.3248,0.0012,0.002,0.0012
53,,0.568,0.4814,0.3312,0.3362,0.3248,0.0012,0.002,0.0012
54,,0.568,0.4814,0.3312,0.3362,0.3248,0.0012,0.002,0.0012
55,,0.568,0.4814,0.3312,0.3362,0.3248,0.0012,0.002,0.0012
56,,0.568,0.4814,0.3312,0.3362,0.3248,0.0012,0.002,0.0012
57,,0.568,0.4814,0.3312,0.3362,0.3248,0.0012,0.002,0.0012
58,,0.568,0.4814,0.3312,0.3362,0.3248,0.0012,0.002,0.0012
59,,0.568,0.4814,0.3312,0.3362,0.3248,0.0012,0.002,0.0012
60,,0.568,0.4814,0.3312,0.3362,0.3248,0.0012,0.002,0.0012
61,,0.568,0.4814,0.3312,0.3362,0.3248,0.0012,0.002,0.0012
62,,0.568,0.4814,0.3312,0.3362,0.3248,0.0012,0.002,0.0012
63,,0.568,0.4814,0.3312,0.3362,0.3248,0.0012,0.002,0.0012
64,,0.568,0.4814,0.3312,0.3362,0.3248,0.0012,0.002,0.0012
65,,0.568,0.4814,0.3312,0.3362,0.3248,0.0012,0.002,0.0012
66,,0.568,0.4814,0.3312,0.3362,0.3248,0.0012,0.002,0.0012
67,,0.568,0.4814,0.3312,0.3362,0.3248,0.0012,0.002,0.0012
68,,0.568,0.4814,0.3312,0.3362,0.3248,0.0012,0.002,0.0012
69,,0.568,0.4814,0.3312,0.3362,0.3248,0.0012,0.002,0.0012
70,,0.568,0.4814,0.3312,0.3362,0.3248,0.0012,0.002,0.0012
71,,0.568,0.4814,0.3312,0.3362,0.3248,0.0012,0.002,0.0012
72,,0.568,0.4814,0.3312,0.3362,0.3248,0.0012,0.002,0.0012
73,,0.568,0.4814,0.3312,0.3362,0.3248,0.0012,0.002,0.0012
74,,0.568,0.4814,0.3312,0.3362,0.3248,0.0012,0.002,0.0012
75,,0.568,0.4814,0.3312,0.3362,0.3248,0.0012,0.002,0.0012
76,,0.568,0.4814,0.3312,0.3362,0.3248,0.0012,0.002,0.0012
77,,0.568,0.4814,0.3312,0.3362,0.3248,0.0012,0.002,0.0012
78,,0.568,0.4814,0.3312,0.3362,0.3248,0.0012,0.002,0.0012
79,,0.568,0.4814,0.3312,0.3362,0.3248,0.0012,0.002,0.0012
80,,0.568,0.4814,0.3312,0.3362,0.3248,0.0012,0.002,0.0012
81,,0.568,0.4814,0.3312,0.3362,0.3248,0.0012,0.002,0.0012
82,,0.568,0.4814,0.3312,0.3362,0.3248,0.0012,0.002,0.0012
83,,0.568,0.4814,0.3312,0.3362,0.3248,0.0012,0.002,0.0012
84,,0.568,0.4814,0.3312,0.3362,0.3248,0.0012,0.002,0.0012
85,,0.568,0.4814,0.3312,0.3362,0.3248,0.0012,0.002,0.0012
86,,0.568,0.4814,0.3312,0.3362,0.3248,0.0012,0.002,0.0012
87,,0.568,0.4814,0.3312,0.3362,0.3248,0.0012,0.002,0.0012
88,,0.568,0.4814,0.3312,0.3362,0.3248,0.0012,0.002,0.0012
89,,0.568,0.4814,0.3312,0.3362,0.3248,0.0012,0.002,0.0012
90,,0.568,0.4814,0.3312,0.3362,0.3248,0.0012,0.002,0.0012
91,,0.568,0.4814,0.3312,0.3362,0.3248,0.0012,0.002,0.0012
92,,0.568,0.4814,0.3312,0.3362,0.3248,0.0012,0.002,0.0012
93,,0.568,0.4814,0.3312,0.3362,0.3248,0.0012,0.002,0.0012
94,,0.568,0.4814,0.3312,0.3362,0.3248,0.0012,0.002,0.0012
95,,0.568,0.4814,0.3312,0.3362,0.3248,0.0012,0.002,0.0012
96,,0.568,0.4814,0.3312,0.3362,0.3248,0.0012,0.002,0.0012
97,,0.568,0.4814,0.3312,0.3362,0.3248,0.0012,0.002,0.0012
98,,0.568,0.4814,0.3312,0.3362,0.3248,0.0012,0.002,0.0012
99,,0.568,0.4814,0.3312,0.3362,0.3248,0.0012,0.002,0.0012
100,,0.568,0.4814,0.3312,0.3362,0.3248,0.0012,0.002,0.0012
101,,0.568,0.4814,0.3312,0.3362,0.3248,0.0012,0.002,0.0012
102,,0.568,0.4814,0.3312,0.3362,0.3248,0.0012,0.002,0.0012
103,,0.568,0.4814,0.3312,0.3362,0.3248,0.0012,0.002,0.0012
104,,0.568,0.4814,0.3312,0.3362,0.3248,0.0012,0.002,0.0012
105,,0.568,0.4814,0.3312,0.3362,0.3248,0.0012,0.002,0.0012
106,,0.568,0.4814,0.3312,0.3362,0.3248,0.0012,0.002,0.0012
107,,0.568,0.4814,0.3312,0.3362,0.3248,0.0012,0.002,0.0012
108,,0.568,0.4814,0.3312,0.3362,0.3248,0.0012,0.002,0.0012
109,,1.0752,0.843,0.809,0.5564,1.7992,0.0,0.0,0.0
110,,1.0752,0.843,0.809,0.5564,1.7992,0.0,0.0,0.0
111,,1.0752,0.843,0.809,0.5564,1.7992,0.0,0.0,0.0
112,,1.0752,0.843,0.809,0.5564,1.7992,0.0,0.0,0.0
113,,1.0752,0.843,0.809,0.5564,1.7992,0.0,0.0,0.0
114,,1.0752,0.843,0.809,0.5564,1.7992,0.0,0.0,0.0
115,,1.0752,0.843,0.809,0.5564,1.7992,0.0,0.0,0.0
116,,1.0752,0.843,0.809,0.5564,1.7992,0.0,0.0,0.0
117,,1.0752,0.843,0.809,0.5564,1.7992,0.0,0.0,0.0
118,,1.0752,0.843,0.809,0.5564,1.7992,0.0,0.0,0.0
119,,1.0752,0.843,0.809,0.5564,1.7992,0.0,0.0,0.0
120,,1.0752,0.843,0.809,0.5564,1.7992,0.0,0.0,0.0
121,,1.0752,0.843,0.809,0.5564,1.7992,0.0,0.0,0.0
122,,1.0752,0.843,0.809,0.5564,1.7992,0.0,0.0,0.0
123,,1.0752,0.843,0.809,0.5564,1.7992,0.0,0.0,0.0
124,,1.0752,0.843,0.809,0.5564,1.7992,0.0,0.0,0.0
125,,1.0752,0.843,0.809,0.5564,1.7992,0.0,0.0,0.0
126,,1.0752,0.843,0.809,0.5564,1.7992,0.0,0.0,0.0
127,,1.0752,0.843,0.809,0.5564,1.7992,0.0,0.0,0.0
128,,1.0752,0.843,0.809,0.5564,1.7992,0.0,0.0,0.0
129,,1.0752,0.843,0.809,0.5564,1.7992,0.0,0.0,0.0
130,,1.0752,0.843,0.809,0.5564,1.7992,0.0,0.0,0.0
131,,1.0752,0.843,0.809,0.5564,1.7992,0.0,0.0,0.0
132,,1.0752,0.843,0.809,0.5564,1.7992,0.0,0.0,0.0
133,,1.0752,0.843,0.809,0.5564,1.7992,0.0,0.0,0.0
134,,1.0752,0.843,0.809,0.5564,1.7992,0.0,0.0,0.0
135,,1.0752,0.843,0.809,0.5564,1.7992,0.0,0.0,0.0
136,,1.0752,0.843,0.809,0.5564,1.7992,0.0,0.0,0.0
137,,1.0752,0.843,0.809,0.5564,1.7992,0.0,0.0,0.0
138,,1.0752,0.843,0.809,0.5564,1.7992,0.0,0.0,0.0
139,,0.568,0.4814,0.3312,0.3362,0.3248,0.0012,0.002,0.0012
140,,0.568,0.4814,0.3312,0.3362,0.3248,0.0012,0.002,0.0012
141,,0.568,0.4814,0.3312,0.3362,0.3248,0.0012,0.002,0.0012
142,,0.568,0.4814,0.3312,0.3362,0.3248,0.0012,0.002,0.0012
143,,0.568,0.4814,0.3312,0.3362,0.3248,0.0012,0.002,0.0012
144,,0.568,0.4814,0.3312,0.3362,0.3248,0.0012,0.002,0.0012
145,,0.568,0.4814,0.3312,0.3362,0.3248,0.0012,0.002,0.0012
146,,0.568,0.4814,0.3312,0.3362,0.3248,0.0012,0.002,0.0012
147,,0.568,0.4814,0.3312,0.3362,0.3248,0.0012,0.002,0.0012
148,,0.568,0.4814,0.3312,0.3362,0.3248,0.0012,0.002,0.0012
149,,0.568,0.4814,0.3312,0.3362,0.3248,0.0012,0.002,0.0012
150,,0.568,0.4814,0.3312,0.3362,0.3248,0.0012,0.002,0.0012
151,,0.568,0.4814,0.3312,0.3362,0.3248,0.0012,0.002,0.0012
152,,0.568,0.4814,0.3312,0.3362,0.3248,0.0012,0.002,0.0012
153,,0.568,0.4814,0.3312,0.3362,0.3248,0.0012,0.002,0.0012
154,,0.568,0.4814,0.3312,0.3362,0.3248,0.0012,0.002,0.0012
155,,0.568,0.4814,0.3312,0.3362,0.3248,0.0012,0.002,0.0012
156,,0.568,0.4814,0.3312,0.3362,0.3248,0.0012,0.002,0.0012
157,,0.568,0.4814,0.3312,0.3362,0.3248,0.0012,0.002,0.0012
158,,0.568,0.4814,0.3312,0.3362,0.3248,0.0012,0.002,0.0012
159,,0.568,0.4814,0.3312,0.3362,0.3248,0.0012,0.002,0.0012
160,,0.568,0.4814,0.3312,0.3362,0.3248,0.0012,0.002,0.0012
161,,0.568,0.4814,0.3312,0.3362,0.3248,0.0012,0.002,0.0012
162,,0.568,0.4814,0.3312,0.3362,0.3248,0.0012,0.002,0.0012
163,,0.568,0.4814,0.3312,0.3362,0.3248,0.0012,0.002,0.0012
164,,0.568,0.4814,0.3312,0.3362,0.3248,0.0012,0.002,0.0012
165,,0.568,0.4814,0.3312,0.3362,0.3248,0.0012,0.002,0.0012
166,,0.568,0.4814,0.3312,0.3362,0.3248,0.0012,0.002,0.0012
167,,0.518,0.4391,0.3378,0.32889999999999997,0.2532,0.0006,0.0012000000000000001,0.0012
168,,0.568,0.4814,0.3312,0.3362,0.3248,0.0012,0.002,0.0012
169,,0.568,0.4814,0.3312,0.3362,0.3248,0.0012,0.002,0.0012
170,,0.568,0.4814,0.3312,0.3362,0.3248,0.0012,0.002,0.0012
171,,0.5716,0.5288,0.5292,0.5104,1.0344,0.0,0.0,0.0
172,,0.5716,0.5288,0.5292,0.5104,1.0344,0.0,0.0,0.0
173,,0.5716,0.5288,0.5292,0.5104,1.0344,0.0,0.0,0.0
174,,0.5716,0.5288,0.5292,0.5104,1.0344,0.0,0.0,0.0
175,,0.5716,0.5288,0.5292,0.5104,1.0344,0.0,0.0,0.0
176,,0.5716,0.5288,0.5292,0.5104,1.0344,0.0,0.0,0.0
177,,0.5716,0.5288,0.5292,0.5104,1.0344,0.0,0.0,0.0
178,,0.5716,0.5288,0.5292,0.5104,1.0344,0.0,0.0,0.0
179,,0.5716,0.5288,0.5292,0.5104,1.0344,0.0,0.0,0.0
180,,0.5716,0.5288,0.5292,0.5104,1.0344,0.0,0.0,0.0
181,,0.5716,0.5288,0.5292,0.5104,1.0344,0.0,0.0,0.0
182,,0.568,0.4814,0.3312,0.3362,0.3248,0.0012,0.002,0.0012
183,,0.568,0.4814,0.3312,0.3362,0.3248,0.0012,0.002,0.0012
184,,0.568,0.4814,0.3312,0.3362,0.3248,0.0012,0.002,0.0012
185,,0.568,0.4814,0.3312,0.3362,0.3248,0.0012,0.002,0.0012
186,,0.568,0.4814,0.3312,0.3362,0.3248,0.0012,0.002,0.0012
187,,0.568,0.4814,0.3312,0.3362,0.3248,0.0012,0.002,0.0012
188,,0.568,0.4814,0.3312,0.3362,0.3248,0.0012,0.002,0.0012
189,,0.568,0.4814,0.3312,0.3362,0.3248,0.0012,0.002,0.0012
190,,0.568,0.4814,0.3312,0.3362,0.3248,0.0012,0.002,0.0012
191,,0.568,0.4814,0.3312,0.3362,0.3248,0.0012,0.002,0.0012
192,,0.568,0.4814,0.3312,0.3362,0.3248,0.0012,0.002,0.0012
193,,0.568,0.4814,0.3312,0.3362,0.3248,0.0012,0.002,0.0012
194,,0.568,0.4814,0.3312,0.3362,0.3248,0.0012,0.002,0.0012
195,,0.568,0.4814,0.3312,0.3362,0.3248,0.0012,0.002,0.0012
196,,0.568,0.4814,0.3312,0.3362,0.3248,0.0012,0.002,0.0012
197,,0.568,0.4814,0.3312,0.3362,0.3248,0.0012,0.002,0.0012
198,,0.568,0.4814,0.3312,0.3362,0.3248,0.0012,0.002,0.0012
199,,0.568,0.4814,0.3312,0.3362,0.3248,0.0012,0.002,0.0012
200,,0.568,0.4814,0.3312,0.3362,0.3248,0.0012,0.002,0.0012
201,,0.568,0.4814,0.3312,0.3362,0.3248,0.0012,0.002,0.0012
202,,0.568,0.4814,0.3312,0.3362,0.3248,0.0012,0.002,0.0012
203,,0.568,0.4814,0.3312,0.3362,0.3248,0.0012,0.002,0.0012
204,,0.568,0.4814,0.3312,0.3362,0.3248,0.0012,0.002,0.0012
205,,0.568,0.4814,0.3312,0.3362,0.3248,0.0012,0.002,0.0012
206,,0.568,0.4814,0.3312,0.3362,0.3248,0.0012,0.002,0.0012
207,,0.568,0.4814,0.3312,0.3362,0.3248,0.0012,0.002,0.0012
208,,0.568,0.4814,0.3312,0.3362,0.3248,0.0012,0.002,0.0012
209,,0.568,0.4814,0.3312,0.3362,0.3248,0.0012,0.002,0.0012
210,,0.568,0.4814,0.3312,0.3362,0.3248,0.0012,0.002,0.0012
211,,0.568,0.4814,0.3312,0.3362,0.3248,0.0012,0.002,0.0012
212,,1.0752,0.843,0.809,0.5564,1.7992,0.0,0.0,0.0
213,,1.0752,0.843,0.809,0.5564,1.7992,0.0,0.0,0.0
214,,1.0752,0.843,0.809,0.5564,1.7992,0.0,0.0,0.0
215,,1.0752,0.843,0.809,0.5564,1.7992,0.0,0.0,0.0
216,,0.568,0.4814,0.3312,0.3362,0.3248,0.0012,0.002,0.0012
217,,0.568,0.4814,0.3312,0.3362,0.3248,0.0012,0.002,0.0012
218,,0.568,0.4814,0.3312,0.3362,0.3248,0.0012,0.002,0.0012
219,,0.568,0.4814,0.3312,0.3362,0.3248,0.0012,0.002,0.0012
220,,0.568,0.4814,0.3312,0.3362,0.3248,0.0012,0.002,0.0012
221,,1.0752,0.843,0.809,0.5564,1.7992,0.0,0.0,0.0
222,,1.0752,0.843,0.809,0.5564,1.7992,0.0,0.0,0.0
223,,1.0752,0.843,0.809,0.5564,1.7992,0.0,0.0,0.0
224,,1.0752,0.843,0.809,0.5564,1.7992,0.0,0.0,0.0
225,,1.0752,0.843,0.809,0.5564,1.7992,0.0,0.0,0.0
226,,1.0752,0.843,0.809,0.5564,1.7992,0.0,0.0,0.0
227,,1.0752,0.843,0.809,0.5564,1.7992,0.0,0.0,0.0
228,,1.0752,0.843,0.809,0.5564,1.7992,0.0,0.0,0.0
229,,1.0752,0.843,0.809,0.5564,1.7992,0.0,0.0,0.0
230,,1.0752,0.843,0.809,0.5564,1.7992,0.0,0.0,0.0
231,,1.0752,0.843,0.809,0.5564,1.7992,0.0,0.0,0.0
232,,1.0752,0.843,0.809,0.5564,1.7992,0.0,0.0,0.0
233,,1.0752,0.843,0.809,0.5564,1.7992,0.0,0.0,0.0
234,,1.0752,0.843,0.809,0.5564,1.7992,0.0,0.0,0.0
235,,1.0752,0.843,0.809,0.5564,1.7992,0.0,0.0,0.0
236,,1.0752,0.843,0.809,0.5564,1.7992,0.0,0.0,0.0
237,,1.0752,0.843,0.809,0.5564,1.7992,0.0,0.0,0.0
238,,1.0752,0.843,0.809,0.5564,1.7992,0.0,0.0,0.0
239,,1.0752,0.843,0.809,0.5564,1.7992,0.0,0.0,0.0
240,,1.0752,0.843,0.809,0.5564,1.7992,0.0,0.0,0.0
241,,1.0752,0.843,0.809,0.5564,1.7992,0.0,0.0,0.0
242,,1.0752,0.843,0.809,0.5564,1.7992,0.0,0.0,0.0
243,,1.0752,0.843,0.809,0.5564,1.7992,0.0,0.0,0.0
244,,1.0752,0.843,0.809,0.5564,1.7992,0.0,0.0,0.0
245,,1.0752,0.843,0.809,0.5564,1.7992,0.0,0.0,0.0
246,,1.0752,0.843,0.809,0.5564,1.7992,0.0,0.0,0.0
247,,1.0752,0.843,0.809,0.5564,1.7992,0.0,0.0,0.0
248,,1.0752,0.843,0.809,0.5564,1.7992,0.0,0.0,0.0
249,,1.0752,0.843,0.809,0.5564,1.7992,0.0,0.0,0.0
250,,1.0752,0.843,0.809,0.5564,1.7992,0.0,0.0,0.0
251,,1.0752,0.843,0.809,0.5564,1.7992,0.0,0.0,0.0
252,,1.0752,0.843,0.809,0.5564,1.7992,0.0,0.0,0.0
253,,1.0752,0.843,0.809,0.5564,1.7992,0.0,0.0,0.0
254,,1.0752,0.843,0.809,0.5564,1.7992,0.0,0.0,0.0
255,,1.0752,0.843,0.809,0.5564,1.7992,0.0,0.0,0.0
256,,1.0752,0.843,0.809,0.5564,1.7992,0.0,0.0,0.0
257,,1.0752,0.843,0.809,0.5564,1.7992,0.0,0.0,0.0
258,,1.0752,0.843,0.809,0.5564,1.7992,0.0,0.0,0.0
259,,1.0752,0.843,0.809,0.5564,1.7992,0.0,0.0,0.0
260,,1.0752,0.843,0.809,0.5564,1.7992,0.0,0.0,0.0
261,,1.0752,0.843,0.809,0.5564,1.7992,0.0,0.0,0.0
262,,1.0752,0.843,0.809,0.5564,1.7992,0.0,0.0,0.0
263,,1.0752,0.843,0.809,0.5564,1.7992,0.0,0.0,0.0
264,,1.0752,0.843,0.809,0.5564,1.7992,0.0,0.0,0.0
265,,1.0752,0.843,0.809,0.5564,1.7992,0.0,0.0,0.0
266,,1.0752,0.843,0.809,0.5564,1.7992,0.0,0.0,0.0
267,,1.0752,0.843,0.809,0.5564,1.7992,0.0,0.0,0.0
268,,1.0752,0.843,0.809,0.5564,1.7992,0.0,0.0,0.0
269,,1.0752,0.843,0.809,0.5564,1.7992,0.0,0.0,0.0
270,,1.0752,0.843,0.809,0.5564,1.7992,0.0,0.0,0.0
271,,1.0752,0.843,0.809,0.5564,1.7992,0.0,0.0,0.0
272,,1.0752,0.843,0.809,0.5564,1.7992,0.0,0.0,0.0
273,,1.0752,0.843,0.809,0.5564,1.7992,0.0,0.0,0.0
274,,1.0752,0.843,0.809,0.5564,1.7992,0.0,0.0,0.0
275,,1.0752,0.843,0.809,0.5564,1.7992,0.0,0.0,0.0
276,,1.0752,0.843,0.809,0.5564,1.7992,0.0,0.0,0.0
277,,1.0752,0.843,0.809,0.5564,1.7992,0.0,0.0,0.0
278,,1.0752,0.843,0.809,0.5564,1.7992,0.0,0.0,0.0
279,,1.0752,0.843,0.809,0.5564,1.7992,0.0,0.0,0.0
280,,1.0752,0.843,0.809,0.5564,1.7992,0.0,0.0,0.0
281,,1.0752,0.843,0.809,0.5564,1.7992,0.0,0.0,0.0
282,,1.0752,0.843,0.809,0.5564,1.7992,0.0,0.0,0.0
283,,1.0752,0.843,0.809,0.5564,1.7992,0.0,0.0,0.0
284,,1.0752,0.843,0.809,0.5564,1.7992,0.0,0.0,0.0
285,,1.0752,0.843,0.809,0.5564,1.7992,0.0,0.0,0.0
286,,1.0752,0.843,0.809,0.5564,1.7992,0.0,0.0,0.0
287,,1.0752,0.843,0.809,0.5564,1.7992,0.0,0.0,0.0
288,,1.0752,0.843,0.809,0.5564,1.7992,0.0,0.0,0.0
289,,1.0752,0.843,0.809,0.5564,1.7992,0.0,0.0,0.0
290,,1.0752,0.843,0.809,0.5564,1.7992,0.0,0.0,0.0
291,,1.0752,0.843,0.809,0.5564,1.7992,0.0,0.0,0.0
292,,1.0752,0.843,0.809,0.5564,1.7992,0.0,0.0,0.0
293,,1.0752,0.843,0.809,0.5564,1.7992,0.0,0.0,0.0
294,,1.0752,0.843,0.809,0.5564,1.7992,0.0,0.0,0.0
295,,1.0752,0.843,0.809,0.5564,1.7992,0.0,0.0,0.0
296,,1.0752,0.843,0.809,0.5564,1.7992,0.0,0.0,0.0
297,,1.0752,0.843,0.809,0.5564,1.7992,0.0,0.0,0.0
298,,1.0752,0.843,0.809,0.5564,1.7992,0.0,0.0,0.0
299,,1.0752,0.843,0.809,0.5564,1.7992,0.0,0.0,0.0
300,,1.0752,0.843,0.809,0.5564,1.7992,0.0,0.0,0.0
301,,1.0752,0.843,0.809,0.5564,1.7992,0.0,0.0,0.0
302,,1.0752,0.843,0.809,0.5564,1.7992,0.0,0.0,0.0
303,,1.0752,0.843,0.809,0.5564,1.7992,0.0,0.0,0.0
304,,1.0752,0.843,0.809,0.5564,1.7992,0.0,0.0,0.0
305,,1.0752,0.843,0.809,0.5564,1.7992,0.0,0.0,0.0
306,,1.0752,0.843,0.809,0.5564,1.7992,0.0,0.0,0.0
307,,1.0752,0.843,0.809,0.5564,1.7992,0.0,0.0,0.0
308,,1.0752,0.843,0.809,0.5564,1.7992,0.0,0.0,0.0
309,,1.0752,0.843,0.809,0.5564,1.7992,0.0,0.0,0.0
310,,1.0752,0.843,0.809,0.5564,1.7992,0.0,0.0,0.0
311,,1.0752,0.843,0.809,0.5564,1.7992,0.0,0.0,0.0
312,,1.0752,0.843,0.809,0.5564,1.7992,0.0,0.0,0.0
313,,1.0752,0.843,0.809,0.5564,1.7992,0.0,0.0,0.0
314,,1.0752,0.843,0.809,0.5564,1.7992,0.0,0.0,0.0
315,,1.0752,0.843,0.809,0.5564,1.7992,0.0,0.0,0.0
316,,1.0752,0.843,0.809,0.5564,1.7992,0.0,0.0,0.0
317,,1.0752,0.843,0.809,0.5564,1.7992,0.0,0.0,0.0
318,,1.0752,0.843,0.809,0.5564,1.7992,0.0,0.0,0.0
319,,1.0752,0.843,0.809,0.5564,1.7992,0.0,0.0,0.0
320,,1.0752,0.843,0.809,0.5564,1.7992,0.0,0.0,0.0
321,,1.0752,0.843,0.809,0.5564,1.7992,0.0,0.0,0.0
322,,1.0752,0.843,0.809,0.5564,1.7992,0.0,0.0,0.0
323,,1.0752,0.843,0.809,0.5564,1.7992,0.0,0.0,0.0
324,,1.0752,0.843,0.809,0.5564,1.7992,0.0,0.0,0.0
325,,1.0752,0.843,0.809,0.5564,1.7992,0.0,0.0,0.0
326,,1.0752,0.843,0.809,0.5564,1.7992,0.0,0.0,0.0
327,,1.0752,0.843,0.809,0.5564,1.7992,0.0,0.0,0.0
328,,1.0752,0.843,0.809,0.5564,1.7992,0.0,0.0,0.0
329,,1.0752,0.843,0.809,0.5564,1.7992,0.0,0.0,0.0
330,,1.0752,0.843,0.809,0.5564,1.7992,0.0,0.0,0.0
331,,1.0752,0.843,0.809,0.5564,1.7992,0.0,0.0,0.0
332,,1.0752,0.843,0.809,0.5564,1.7992,0.0,0.0,0.0
333,,1.0752,0.843,0.809,0.5564,1.7992,0.0,0.0,0.0
334,,1.0752,0.843,0.809,0.5564,1.7992,0.0,0.0,0.0
335,,1.0752,0.843,0.809,0.5564,1.7992,0.0,0.0,0.0
336,,1.0752,0.843,0.809,0.5564,1.7992,0.0,0.0,0.0
337,,1.0752,0.843,0.809,0.5564,1.7992,0.0,0.0,0.0
338,,1.0752,0.843,0.809,0.5564,1.7992,0.0,0.0,0.0
339,,1.0752,0.843,0.809,0.5564,1.7992,0.0,0.0,0.0
340,,1.0752,0.843,0.809,0.5564,1.7992,0.0,0.0,0.0
341,,1.0752,0.843,0.809,0.5564,1.7992,0.0,0.0,0.0
342,,1.0752,0.843,0.809,0.5564,1.7992,0.0,0.0,0.0
343,,1.0752,0.843,0.809,0.5564,1.7992,0.0,0.0,0.0
344,,1.0752,0.843,0.809,0.5564,1.7992,0.0,0.0,0.0
345,,0.568,0.4814,0.3312,0.3362,0.3248,0.0012,0.002,0.0012
346,,0.568,0.4814,0.3312,0.3362,0.3248,0.0012,0.002,0.0012
347,,0.568,0.4814,0.3312,0.3362,0.3248,0.0012,0.002,0.0012
348,,1.0752,0.843,0.809,0.5564,1.7992,0.0,0.0,0.0
349,,1.0752,0.843,0.809,0.5564,1.7992,0.0,0.0,0.0
350,,1.0752,0.843,0.809,0.5564,1.7992,0.0,0.0,0.0
351,,1.0752,0.843,0.809,0.5564,1.7992,0.0,0.0,0.0
352,,1.0752,0.843,0.809,0.5564,1.7992,0.0,0.0,0.0
353,,1.0752,0.843,0.809,0.5564,1.7992,0.0,0.0,0.0
354,,1.0752,0.843,0.809,0.5564,1.7992,0.0,0.0,0.0
355,,1.0752,0.843,0.809,0.5564,1.7992,0.0,0.0,0.0
356,,1.0752,0.843,0.809,0.5564,1.7992,0.0,0.0,0.0
357,,1.0752,0.843,0.809,0.5564,1.7992,0.0,0.0,0.0
358,,1.0752,0.843,0.809,0.5564,1.7992,0.0,0.0,0.0
359,,1.0752,0.843,0.809,0.5564,1.7992,0.0,0.0,0.0
360,,0.568,0.4814,0.3312,0.3362,0.3248,0.0012,0.002,0.0012
361,,0.568,0.4814,0.3312,0.3362,0.3248,0.0012,0.002,0.0012
362,,0.568,0.4814,0.3312,0.3362,0.3248,0.0012,0.002,0.0012
363,,0.568,0.4814,0.3312,0.3362,0.3248,0.0012,0.002,0.0012
364,,0.568,0.4814,0.3312,0.3362,0.3248,0.0012,0.002,0.0012
365,,0.568,0.4814,0.3312,0.3362,0.3248,0.0012,0.002,0.0012
366,,0.568,0.4814,0.3312,0.3362,0.3248,0.0012,0.002,0.0012
367,,0.568,0.4814,0.3312,0.3362,0.3248,0.0012,0.002,0.0012
368,,0.518,0.4391,0.3378,0.32889999999999997,0.2532,0.0006,0.0012000000000000001,0.0012
369,,0.5716,0.5288,0.5292,0.5104,1.0344,0.0,0.0,0.0
370,,0.5716,0.5288,0.5292,0.5104,1.0344,0.0,0.0,0.0
371,,1.0752,0.843,0.809,0.5564,1.7992,0.0,0.0,0.0
372,,1.0752,0.843,0.809,0.5564,1.7992,0.0,0.0,0.0
373,,1.0752,0.843,0.809,0.5564,1.7992,0.0,0.0,0.0
374,,1.0752,0.843,0.809,0.5564,1.7992,0.0,0.0,0.0
375,,1.0752,0.843,0.809,0.5564,1.7992,0.0,0.0,0.0
376,,1.0752,0.843,0.809,0.5564,1.7992,0.0,0.0,0.0
377,,1.0752,0.843,0.809,0.5564,1.7992,0.0,0.0,0.0
378,,1.0752,0.843,0.809,0.5564,1.7992,0.0,0.0,0.0
379,,1.0752,0.843,0.809,0.5564,1.7992,0.0,0.0,0.0
380,,1.0752,0.843,0.809,0.5564,1.7992,0.0,0.0,0.0
381,,1.0752,0.843,0.809,0.5564,1.7992,0.0,0.0,0.0
382,,1.0752,0.843,0.809,0.5564,1.7992,0.0,0.0,0.0
383,,1.0752,0.843,0.809,0.5564,1.7992,0.0,0.0,0.0
384,,1.0752,0.843,0.809,0.5564,1.7992,0.0,0.0,0.0
385,,1.0752,0.843,0.809,0.5564,1.7992,0.0,0.0,0.0
386,,1.0752,0.843,0.809,0.5564,1.7992,0.0,0.0,0.0
387,,1.0752,0.843,0.809,0.5564,1.7992,0.0,0.0,0.0
388,,1.0752,0.843,0.809,0.5564,1.7992,0.0,0.0,0.0
389,,0.568,0.4814,0.3312,0.3362,0.3248,0.0012,0.002,0.0012
390,,0.568,0.4814,0.3312,0.3362,0.3248,0.0012,0.002,0.0012
391,,0.568,0.4814,0.3312,0.3362,0.3248,0.0012,0.002,0.0012
392,,0.568,0.4814,0.3312,0.3362,0.3248,0.0012,0.002,0.0012
393,,0.568,0.4814,0.3312,0.3362,0.3248,0.0012,0.002,0.0012
394,,0.568,0.4814,0.3312,0.3362,0.3248,0.0012,0.002,0.0012
395,,0.568,0.4814,0.3312,0.3362,0.3248,0.0012,0.002,0.0012
396,,0.568,0.4814,0.3312,0.3362,0.3248,0.0012,0.002,0.0012
397,,0.568,0.4814,0.3312,0.3362,0.3248,0.0012,0.002,0.0012
398,,0.568,0.4814,0.3312,0.3362,0.3248,0.0012,0.002,0.0012
399,,0.568,0.4814,0.3312,0.3362,0.3248,0.0012,0.002,0.0012
400,,0.568,0.4814,0.3312,0.3362,0.3248,0.0012,0.002,0.0012
401,,0.568,0.4814,0.3312,0.3362,0.3248,0.0012,0.002,0.0012
402,,0.568,0.4814,0.3312,0.3362,0.3248,0.0012,0.002,0.0012
403,,0.568,0.4814,0.3312,0.3362,0.3248,0.0012,0.002,0.0012
404,,0.568,0.4814,0.3312,0.3362,0.3248,0.0012,0.002,0.0012
405,,0.568,0.4814,0.3312,0.3362,0.3248,0.0012,0.002,0.0012
406,,0.568,0.4814,0.3312,0.3362,0.3248,0.0012,0.002,0.0012
407,,0.568,0.4814,0.3312,0.3362,0.3248,0.0012,0.002,0.0012
408,,0.568,0.4814,0.3312,0.3362,0.3248,0.0012,0.002,0.0012
409,,0.568,0.4814,0.3312,0.3362,0.3248,0.0012,0.002,0.0012
410,,0.568,0.4814,0.3312,0.3362,0.3248,0.0012,0.002,0.0012
411,,0.568,0.4814,0.3312,0.3362,0.3248,0.0012,0.002,0.0012
412,,0.568,0.4814,0.3312,0.3362,0.3248,0.0012,0.002,0.0012
413,,0.568,0.4814,0.3312,0.3362,0.3248,0.0012,0.002,0.0012
414,,0.568,0.4814,0.3312,0.3362,0.3248,0.0012,0.002,0.0012
415,,0.568,0.4814,0.3312,0.3362,0.3248,0.0012,0.002,0.0012
416,,0.568,0.4814,0.3312,0.3362,0.3248,0.0012,0.002,0.0012
417,,0.568,0.4814,0.3312,0.3362,0.3248,0.0012,0.002,0.0012
418,,0.568,0.4814,0.3312,0.3362,0.3248,0.0012,0.002,0.0012
419,,0.568,0.4814,0.3312,0.3362,0.3248,0.0012,0.002,0.0012
420,,0.568,0.4814,0.3312,0.3362,0.3248,0.0012,0.002,0.0012
421,,0.568,0.4814,0.3312,0.3362,0.3248,0.0012,0.002,0.0012
422,,0.568,0.4814,0.3312,0.3362,0.3248,0.0012,0.002,0.0012
423,,0.568,0.4814,0.3312,0.3362,0.3248,0.0012,0.002,0.0012
424,,0.568,0.4814,0.3312,0.3362,0.3248,0.0012,0.002,0.0012
425,,0.568,0.4814,0.3312,0.3362,0.3248,0.0012,0.002,0.0012
426,,0.568,0.4814,0.3312,0.3362,0.3248,0.0012,0.002,0.0012
427,,0.568,0.4814,0.3312,0.3362,0.3248,0.0012,0.002,0.0012
428,,0.568,0.4814,0.3312,0.3362,0.3248,0.0012,0.002,0.0012
429,,0.568,0.4814,0.3312,0.3362,0.3248,0.0012,0.002,0.0012
430,,0.568,0.4814,0.3312,0.3362,0.3248,0.0012,0.002,0.0012
431,,0.568,0.4814,0.3312,0.3362,0.3248,0.0012,0.002,0.0012
432,,0.568,0.4814,0.3312,0.3362,0.3248,0.0012,0.002,0.0012
433,,0.568,0.4814,0.3312,0.3362,0.3248,0.0012,0.002,0.0012
434,,0.568,0.4814,0.3312,0.3362,0.3248,0.0012,0.002,0.0012
435,,0.568,0.4814,0.3312,0.3362,0.3248,0.0012,0.002,0.0012
436,,0.568,0.4814,0.3312,0.3362,0.3248,0.0012,0.002,0.0012
437,,0.568,0.4814,0.3312,0.3362,0.3248,0.0012,0.002,0.0012
438,,0.568,0.4814,0.3312,0.3362,0.3248,0.0012,0.002,0.0012
439,,0.568,0.4814,0.3312,0.3362,0.3248,0.0012,0.002,0.0012
440,,0.568,0.4814,0.3312,0.3362,0.3248,0.0012,0.002,0.0012
441,,0.568,0.4814,0.3312,0.3362,0.3248,0.0012,0.002,0.0012
442,,0.568,0.4814,0.3312,0.3362,0.3248,0.0012,0.002,0.0012
443,,0.568,0.4814,0.3312,0.3362,0.3248,0.0012,0.002,0.0012
444,,0.568,0.4814,0.3312,0.3362,0.3248,0.0012,0.002,0.0012
445,,0.568,0.4814,0.3312,0.3362,0.3248,0.0012,0.002,0.0012
446,,0.568,0.4814,0.3312,0.3362,0.3248,0.0012,0.002,0.0012
447,,0.568,0.4814,0.3312,0.3362,0.3248,0.0012,0.002,0.0012
448,,0.568,0.4814,0.3312,0.3362,0.3248,0.0012,0.002,0.0012
449,,0.568,0.4814,0.3312,0.3362,0.3248,0.0012,0.002,0.0012
450,,0.568,0.4814,0.3312,0.3362,0.3248,0.0012,0.002,0.0012
451,,0.568,0.4814,0.3312,0.3362,0.3248,0.0012,0.002,0.0012
452,,0.568,0.4814,0.3312,0.3362,0.3248,0.0012,0.002,0.0012
453,,0.568,0.4814,0.3312,0.3362,0.3248,0.0012,0.002,0.0012
454,,0.568,0.4814,0.3312,0.3362,0.3248,0.0012,0.002,0.0012
455,,0.568,0.4814,0.3312,0.3362,0.3248,0.0012,0.002,0.0012
456,,0.568,0.4814,0.3312,0.3362,0.3248,0.0012,0.002,0.0012
457,,0.568,0.4814,0.3312,0.3362,0.3248,0.0012,0.002,0.0012
458,,0.568,0.4814,0.3312,0.3362,0.3248,0.0012,0.002,0.0012
459,,0.568,0.4814,0.3312,0.3362,0.3248,0.0012,0.002,0.0012
460,,0.568,0.4814,0.3312,0.3362,0.3248,0.0012,0.002,0.0012
461,,0.568,0.4814,0.3312,0.3362,0.3248,0.0012,0.002,0.0012
462,,1.0752,0.843,0.809,0.5564,1.7992,0.0,0.0,0.0
463,,1.0752,0.843,0.809,0.5564,1.7992,0.0,0.0,0.0
464,,1.0752,0.843,0.809,0.5564,1.7992,0.0,0.0,0.0
465,,1.0752,0.843,0.809,0.5564,1.7992,0.0,0.0,0.0
466,,0.568,0.4814,0.3312,0.3362,0.3248,0.0012,0.002,0.0012
467,,0.568,0.4814,0.3312,0.3362,0.3248,0.0012,0.002,0.0012
468,,0.568,0.4814,0.3312,0.3362,0.3248,0.0012,0.002,0.0012
469,,0.568,0.4814,0.3312,0.3362,0.3248,0.0012,0.002,0.0012
470,,0.568,0.4814,0.3312,0.3362,0.3248,0.0012,0.002,0.0012
471,,0.568,0.4814,0.3312,0.3362,0.3248,0.0012,0.002,0.0012
472,,1.0752,0.843,0.809,0.5564,1.7992,0.0,0.0,0.0
473,,1.0752,0.843,0.809,0.5564,1.7992,0.0,0.0,0.0
474,,1.0752,0.843,0.809,0.5564,1.7992,0.0,0.0,0.0
475,,1.0752,0.843,0.809,0.5564,1.7992,0.0,0.0,0.0
476,,1.0752,0.843,0.809,0.5564,1.7992,0.0,0.0,0.0
477,,1.0752,0.843,0.809,0.5564,1.7992,0.0,0.0,0.0
478,,1.0752,0.843,0.809,0.5564,1.7992,0.0,0.0,0.0
479,,1.0752,0.843,0.809,0.5564,1.7992,0.0,0.0,0.0
480,,1.0752,0.843,0.809,0.5564,1.7992,0.0,0.0,0.0
481,,1.0752,0.843,0.809,0.5564,1.7992,0.0,0.0,0.0
482,,1.0752,0.843,0.809,0.5564,1.7992,0.0,0.0,0.0
483,,1.0752,0.843,0.809,0.5564,1.7992,0.0,0.0,0.0
484,,1.0752,0.843,0.809,0.5564,1.7992,0.0,0.0,0.0
485,,1.0752,0.843,0.809,0.5564,1.7992,0.0,0.0,0.0
486,,1.0752,0.843,0.809,0.5564,1.7992,0.0,0.0,0.0
487,,1.0752,0.843,0.809,0.5564,1.7992,0.0,0.0,0.0
488,,1.0752,0.843,0.809,0.5564,1.7992,0.0,0.0,0.0
489,,1.0752,0.843,0.809,0.5564,1.7992,0.0,0.0,0.0
490,,1.0752,0.843,0.809,0.5564,1.7992,0.0,0.0,0.0
491,,1.0752,0.843,0.809,0.5564,1.7992,0.0,0.0,0.0
492,,1.0752,0.843,0.809,0.5564,1.7992,0.0,0.0,0.0
493,,1.0752,0.843,0.809,0.5564,1.7992,0.0,0.0,0.0
494,,1.0752,0.843,0.809,0.5564,1.7992,0.0,0.0,0.0
495,,1.0752,0.843,0.809,0.5564,1.7992,0.0,0.0,0.0
496,,1.0752,0.843,0.809,0.5564,1.7992,0.0,0.0,0.0
497,,1.0752,0.843,0.809,0.5564,1.7992,0.0,0.0,0.0
498,,1.0752,0.843,0.809,0.5564,1.7992,0.0,0.0,0.0
499,,1.0752,0.843,0.809,0.5564,1.7992,0.0,0.0,0.0
500,,1.0752,0.843,0.809,0.5564,1.7992,0.0,0.0,0.0
501,,1.0752,0.843,0.809,0.5564,1.7992,0.0,0.0,0.0
502,,1.0752,0.843,0.809,0.5564,1.7992,0.0,0.0,0.0
503,,1.0752,0.843,0.809,0.5564,1.7992,0.0,0.0,0.0
504,,1.0752,0.843,0.809,0.5564,1.7992,0.0,0.0,0.0
505,,1.0752,0.843,0.809,0.5564,1.7992,0.0,0.0,0.0
506,,1.0752,0.843,0.809,0.5564,1.7992,0.0,0.0,0.0
507,,1.0752,0.843,0.809,0.5564,1.7992,0.0,0.0,0.0
508,,1.0752,0.843,0.809,0.5564,1.7992,0.0,0.0,0.0
509,,1.0752,0.843,0.809,0.5564,1.7992,0.0,0.0,0.0
510,,1.0752,0.843,0.809,0.5564,1.7992,0.0,0.0,0.0
511,,1.0752,0.843,0.809,0.5564,1.7992,0.0,0.0,0.0
512,,1.0752,0.843,0.809,0.5564,1.7992,0.0,0.0,0.0
513,,1.0752,0.843,0.809,0.5564,1.7992,0.0,0.0,0.0
514,,1.0752,0.843,0.809,0.5564,1.7992,0.0,0.0,0.0
515,,1.0752,0.843,0.809,0.5564,1.7992,0.0,0.0,0.0
516,,1.0752,0.843,0.809,0.5564,1.7992,0.0,0.0,0.0
517,,1.0752,0.843,0.809,0.5564,1.7992,0.0,0.0,0.0
518,,1.0752,0.843,0.809,0.5564,1.7992,0.0,0.0,0.0
519,,1.0752,0.843,0.809,0.5564,1.7992,0.0,0.0,0.0
520,,1.0752,0.843,0.809,0.5564,1.7992,0.0,0.0,0.0
521,,1.0752,0.843,0.809,0.5564,1.7992,0.0,0.0,0.0
522,,1.0752,0.843,0.809,0.5564,1.7992,0.0,0.0,0.0
523,,1.0752,0.843,0.809,0.5564,1.7992,0.0,0.0,0.0
524,,1.0752,0.843,0.809,0.5564,1.7992,0.0,0.0,0.0
525,,1.0752,0.843,0.809,0.5564,1.7992,0.0,0.0,0.0
526,,1.0752,0.843,0.809,0.5564,1.7992,0.0,0.0,0.0
527,,1.0752,0.843,0.809,0.5564,1.7992,0.0,0.0,0.0
528,,1.0752,0.843,0.809,0.5564,1.7992,0.0,0.0,0.0
529,,1.0752,0.843,0.809,0.5564,1.7992,0.0,0.0,0.0
530,,1.0752,0.843,0.809,0.5564,1.7992,0.0,0.0,0.0
531,,1.0752,0.843,0.809,0.5564,1.7992,0.0,0.0,0.0
532,,0.8215999999999999,0.6622,0.5701,0.44630000000000003,1.0619999999999998,0.0006,0.001,0.0006
533,,1.0752,0.843,0.809,0.5564,1.7992,0.0,0.0,0.0
534,,1.0752,0.843,0.809,0.5564,1.7992,0.0,0.0,0.0
535,,1.0752,0.843,0.809,0.5564,1.7992,0.0,0.0,0.0
536,,0.8233999999999999,0.6859,0.6691,0.5334,1.4167999999999998,0.0,0.0,0.0
537,,1.0752,0.843,0.809,0.5564,1.7992,0.0,0.0,0.0
538,,1.0752,0.843,0.809,0.5564,1.7992,0.0,0.0,0.0
539,,0.5716,0.5288,0.5292,0.5104,1.0344,0.0,0.0,0.0
540,,0.5716,0.5288,0.5292,0.5104,1.0344,0.0,0.0,0.0
541,,0.5716,0.5288,0.5292,0.5104,1.0344,0.0,0.0,0.0
542,,0.5716,0.5288,0.5292,0.5104,1.0344,0.0,0.0,0.0
543,,0.5716,0.5288,0.5292,0.5104,1.0344,0.0,0.0,0.0
544,,0.5716,0.5288,0.5292,0.5104,1.0344,0.0,0.0,0.0
545,,0.5716,0.5288,0.5292,0.5104,1.0344,0.0,0.0,0.0
546,,0.5716,0.5288,0.5292,0.5104,1.0344,0.0,0.0,0.0
547,,0.5716,0.5288,0.5292,0.5104,1.0344,0.0,0.0,0.0
548,,1.0752,0.843,0.809,0.5564,1.7992,0.0,0.0,0.0
549,,1.0752,0.843,0.809,0.5564,1.7992,0.0,0.0,0.0
550,,1.0752,0.843,0.809,0.5564,1.7992,0.0,0.0,0.0
551,,1.0752,0.843,0.809,0.5564,1.7992,0.0,0.0,0.0
552,,1.0752,0.843,0.809,0.5564,1.7992,0.0,0.0,0.0
553,,0.568,0.4814,0.3312,0.3362,0.3248,0.0012,0.002,0.0012
554,,0.568,0.4814,0.3312,0.3362,0.3248,0.0012,0.002,0.0012
555,,0.568,0.4814,0.3312,0.3362,0.3248,0.0012,0.002,0.0012
556,,0.568,0.4814,0.3312,0.3362,0.3248,0.0012,0.002,0.0012
557,,0.568,0.4814,0.3312,0.3362,0.3248,0.0012,0.002,0.0012
558,,0.568,0.4814,0.3312,0.3362,0.3248,0.0012,0.002,0.0012
559,,0.568,0.4814,0.3312,0.3362,0.3248,0.0012,0.002,0.0012
560,,0.568,0.4814,0.3312,0.3362,0.3248,0.0012,0.002,0.0012
561,,0.568,0.4814,0.3312,0.3362,0.3248,0.0012,0.002,0.0012
562,,0.568,0.4814,0.3312,0.3362,0.3248,0.0012,0.002,0.0012
563,,0.568,0.4814,0.3312,0.3362,0.3248,0.0012,0.002,0.0012
564,,0.568,0.4814,0.3312,0.3362,0.3248,0.0012,0.002,0.0012
565,,0.568,0.4814,0.3312,0.3362,0.3248,0.0012,0.002,0.0012
566,,0.568,0.4814,0.3312,0.3362,0.3248,0.0012,0.002,0.0012
567,,0.568,0.4814,0.3312,0.3362,0.3248,0.0012,0.002,0.0012
568,,0.568,0.4814,0.3312,0.3362,0.3248,0.0012,0.002,0.0012
569,,0.568,0.4814,0.3312,0.3362,0.3248,0.0012,0.002,0.0012
570,,0.568,0.4814,0.3312,0.3362,0.3248,0.0012,0.002,0.0012
571,,0.568,0.4814,0.3312,0.3362,0.3248,0.0012,0.002,0.0012
572,,0.568,0.4814,0.3312,0.3362,0.3248,0.0012,0.002,0.0012
573,,0.568,0.4814,0.3312,0.3362,0.3248,0.0012,0.002,0.0012
574,,0.568,0.4814,0.3312,0.3362,0.3248,0.0012,0.002,0.0012
575,,0.568,0.4814,0.3312,0.3362,0.3248,0.0012,0.002,0.0012
576,,0.568,0.4814,0.3312,0.3362,0.3248,0.0012,0.002,0.0012
577,,0.568,0.4814,0.3312,0.3362,0.3248,0.0012,0.002,0.0012
578,,1.0752,0.843,0.809,0.5564,1.7992,0.0,0.0,0.0
579,,1.0752,0.843,0.809,0.5564,1.7992,0.0,0.0,0.0
580,,1.0752,0.843,0.809,0.5564,1.7992,0.0,0.0,0.0
581,,1.0752,0.843,0.809,0.5564,1.7992,0.0,0.0,0.0
582,,1.0752,0.843,0.809,0.5564,1.7992,0.0,0.0,0.0
583,,0.568,0.4814,0.3312,0.3362,0.3248,0.0012,0.002,0.0012
584,,0.568,0.4814,0.3312,0.3362,0.3248,0.0012,0.002,0.0012
585,,0.568,0.4814,0.3312,0.3362,0.3248,0.0012,0.002,0.0012
586,,0.568,0.4814,0.3312,0.3362,0.3248,0.0012,0.002,0.0012
587,,0.568,0.4814,0.3312,0.3362,0.3248,0.0012,0.002,0.0012
588,,0.568,0.4814,0.3312,0.3362,0.3248,0.0012,0.002,0.0012
589,,0.568,0.4814,0.3312,0.3362,0.3248,0.0012,0.002,0.0012
590,,0.568,0.4814,0.3312,0.3362,0.3248,0.0012,0.002,0.0012
591,,0.568,0.4814,0.3312,0.3362,0.3248,0.0012,0.002,0.0012
592,,0.568,0.4814,0.3312,0.3362,0.3248,0.0012,0.002,0.0012
593,,0.568,0.4814,0.3312,0.3362,0.3248,0.0012,0.002,0.0012
594,,0.568,0.4814,0.3312,0.3362,0.3248,0.0012,0.002,0.0012
595,,0.568,0.4814,0.3312,0.3362,0.3248,0.0012,0.002,0.0012
596,,0.568,0.4814,0.3312,0.3362,0.3248,0.0012,0.002,0.0012
597,,0.568,0.4814,0.3312,0.3362,0.3248,0.0012,0.002,0.0012
598,,0.568,0.4814,0.3312,0.3362,0.3248,0.0012,0.002,0.0012
599,,0.568,0.4814,0.3312,0.3362,0.3248,0.0012,0.002,0.0012
600,,0.568,0.4814,0.3312,0.3362,0.3248,0.0012,0.002,0.0012
601,,0.568,0.4814,0.3312,0.3362,0.3248,0.0012,0.002,0.0012
602,,0.568,0.4814,0.3312,0.3362,0.3248,0.0012,0.002,0.0012
603,,0.568,0.4814,0.3312,0.3362,0.3248,0.0012,0.002,0.0012
604,,0.568,0.4814,0.3312,0.3362,0.3248,0.0012,0.002,0.0012
605,,0.568,0.4814,0.3312,0.3362,0.3248,0.0012,0.002,0.0012
606,,0.568,0.4814,0.3312,0.3362,0.3248,0.0012,0.002,0.0012
607,,0.568,0.4814,0.3312,0.3362,0.3248,0.0012,0.002,0.0012
608,,0.568,0.4814,0.3312,0.3362,0.3248,0.0012,0.002,0.0012
609,,0.568,0.4814,0.3312,0.3362,0.3248,0.0012,0.002,0.0012
610,,0.568,0.4814,0.3312,0.3362,0.3248,0.0012,0.002,0.0012
611,,0.568,0.4814,0.3312,0.3362,0.3248,0.0012,0.002,0.0012
612,,0.568,0.4814,0.3312,0.3362,0.3248,0.0012,0.002,0.0012
613,,0.568,0.4814,0.3312,0.3362,0.3248,0.0012,0.002,0.0012
614,,0.568,0.4814,0.3312,0.3362,0.3248,0.0012,0.002,0.0012
615,,0.568,0.4814,0.3312,0.3362,0.3248,0.0012,0.002,0.0012
616,,0.568,0.4814,0.3312,0.3362,0.3248,0.0012,0.002,0.0012
617,,0.568,0.4814,0.3312,0.3362,0.3248,0.0012,0.002,0.0012
618,,0.568,0.4814,0.3312,0.3362,0.3248,0.0012,0.002,0.0012
619,,0.568,0.4814,0.3312,0.3362,0.3248,0.0012,0.002,0.0012
620,,0.568,0.4814,0.3312,0.3362,0.3248,0.0012,0.002,0.0012
621,,0.568,0.4814,0.3312,0.3362,0.3248,0.0012,0.002,0.0012
622,,0.568,0.4814,0.3312,0.3362,0.3248,0.0012,0.002,0.0012
623,,1.0752,0.843,0.809,0.5564,1.7992,0.0,0.0,0.0
624,,1.0752,0.843,0.809,0.5564,1.7992,0.0,0.0,0.0
625,,0.8215999999999999,0.6622,0.5701,0.44630000000000003,1.0619999999999998,0.0006,0.001,0.0006
626,,1.0752,0.843,0.809,0.5564,1.7992,0.0,0.0,0.0
627,,1.0752,0.843,0.809,0.5564,1.7992,0.0,0.0,0.0
628,,1.0752,0.843,0.809,0.5564,1.7992,0.0,0.0,0.0
629,,1.0752,0.843,0.809,0.5564,1.7992,0.0,0.0,0.0
630,,1.0752,0.843,0.809,0.5564,1.7992,0.0,0.0,0.0
631,,1.0752,0.843,0.809,0.5564,1.7992,0.0,0.0,0.0
632,,1.0752,0.843,0.809,0.5564,1.7992,0.0,0.0,0.0
633,,1.0752,0.843,0.809,0.5564,1.7992,0.0,0.0,0.0
634,,1.0752,0.843,0.809,0.5564,1.7992,0.0,0.0,0.0
635,,1.0752,0.843,0.809,0.5564,1.7992,0.0,0.0,0.0
636,,1.0752,0.843,0.809,0.5564,1.7992,0.0,0.0,0.0
637,,1.0752,0.843,0.809,0.5564,1.7992,0.0,0.0,0.0
638,,1.0752,0.843,0.809,0.5564,1.7992,0.0,0.0,0.0
639,,1.0752,0.843,0.809,0.5564,1.7992,0.0,0.0,0.0
640,,1.0752,0.843,0.809,0.5564,1.7992,0.0,0.0,0.0
641,,1.0752,0.843,0.809,0.5564,1.7992,0.0,0.0,0.0
642,,1.0752,0.843,0.809,0.5564,1.7992,0.0,0.0,0.0
643,,1.0752,0.843,0.809,0.5564,1.7992,0.0,0.0,0.0
644,,1.0752,0.843,0.809,0.5564,1.7992,0.0,0.0,0.0
645,,1.0752,0.843,0.809,0.5564,1.7992,0.0,0.0,0.0
646,,1.0752,0.843,0.809,0.5564,1.7992,0.0,0.0,0.0
647,,1.0752,0.843,0.809,0.5564,1.7992,0.0,0.0,0.0
648,,1.0752,0.843,0.809,0.5564,1.7992,0.0,0.0,0.0
649,,1.0752,0.843,0.809,0.5564,1.7992,0.0,0.0,0.0
650,,1.0752,0.843,0.809,0.5564,1.7992,0.0,0.0,0.0
651,,1.0752,0.843,0.809,0.5564,1.7992,0.0,0.0,0.0
652,,1.0752,0.843,0.809,0.5564,1.7992,0.0,0.0,0.0
653,,1.0752,0.843,0.809,0.5564,1.7992,0.0,0.0,0.0
654,,1.0752,0.843,0.809,0.5564,1.7992,0.0,0.0,0.0
655,,1.0752,0.843,0.809,0.5564,1.7992,0.0,0.0,0.0
656,,1.0752,0.843,0.809,0.5564,1.7992,0.0,0.0,0.0
657,,1.0752,0.843,0.809,0.5564,1.7992,0.0,0.0,0.0
658,,1.0752,0.843,0.809,0.5564,1.7992,0.0,0.0,0.0
659,,1.0752,0.843,0.809,0.5564,1.7992,0.0,0.0,0.0
660,,1.0752,0.843,0.809,0.5564,1.7992,0.0,0.0,0.0
661,,1.0752,0.843,0.809,0.5564,1.7992,0.0,0.0,0.0
662,,1.0752,0.843,0.809,0.5564,1.7992,0.0,0.0,0.0
663,,1.0752,0.843,0.809,0.5564,1.7992,0.0,0.0,0.0
664,,1.0752,0.843,0.809,0.5564,1.7992,0.0,0.0,0.0
665,,1.0752,0.843,0.809,0.5564,1.7992,0.0,0.0,0.0
666,,1.0752,0.843,0.809,0.5564,1.7992,0.0,0.0,0.0
667,,1.0752,0.843,0.809,0.5564,1.7992,0.0,0.0,0.0
668,,1.0752,0.843,0.809,0.5564,1.7992,0.0,0.0,0.0
669,,1.0752,0.843,0.809,0.5564,1.7992,0.0,0.0,0.0
670,,1.0752,0.843,0.809,0.5564,1.7992,0.0,0.0,0.0
671,,1.0752,0.843,0.809,0.5564,1.7992,0.0,0.0,0.0
672,,1.0752,0.843,0.809,0.5564,1.7992,0.0,0.0,0.0
673,,1.0752,0.843,0.809,0.5564,1.7992,0.0,0.0,0.0
674,,1.0752,0.843,0.809,0.5564,1.7992,0.0,0.0,0.0
675,,1.0752,0.843,0.809,0.5564,1.7992,0.0,0.0,0.0
676,,1.0752,0.843,0.809,0.5564,1.7992,0.0,0.0,0.0
677,,1.0752,0.843,0.809,0.5564,1.7992,0.0,0.0,0.0
678,,1.0752,0.843,0.809,0.5564,1.7992,0.0,0.0,0.0
679,,1.0752,0.843,0.809,0.5564,1.7992,0.0,0.0,0.0
680,,1.0752,0.843,0.809,0.5564,1.7992,0.0,0.0,0.0
681,,1.0752,0.843,0.809,0.5564,1.7992,0.0,0.0,0.0
682,,1.0752,0.843,0.809,0.5564,1.7992,0.0,0.0,0.0
683,,1.0752,0.843,0.809,0.5564,1.7992,0.0,0.0,0.0
684,,1.0752,0.843,0.809,0.5564,1.7992,0.0,0.0,0.0
685,,1.0752,0.843,0.809,0.5564,1.7992,0.0,0.0,0.0
686,,1.0752,0.843,0.809,0.5564,1.7992,0.0,0.0,0.0
687,,1.0752,0.843,0.809,0.5564,1.7992,0.0,0.0,0.0
688,,1.0752,0.843,0.809,0.5564,1.7992,0.0,0.0,0.0
689,,1.0752,0.843,0.809,0.5564,1.7992,0.0,0.0,0.0
690,,1.0752,0.843,0.809,0.5564,1.7992,0.0,0.0,0.0
691,,1.0752,0.843,0.809,0.5564,1.7992,0.0,0.0,0.0
692,,1.0752,0.843,0.809,0.5564,1.7992,0.0,0.0,0.0
693,,1.0752,0.843,0.809,0.5564,1.7992,0.0,0.0,0.0
694,,1.0752,0.843,0.809,0.5564,1.7992,0.0,0.0,0.0
695,,1.0752,0.843,0.809,0.5564,1.7992,0.0,0.0,0.0
696,,1.0752,0.843,0.809,0.5564,1.7992,0.0,0.0,0.0
697,,1.0752,0.843,0.809,0.5564,1.7992,0.0,0.0,0.0
698,,1.0752,0.843,0.809,0.5564,1.7992,0.0,0.0,0.0
699,,1.0752,0.843,0.809,0.5564,1.7992,0.0,0.0,0.0
700,,1.0752,0.843,0.809,0.5564,1.7992,0.0,0.0,0.0
701,,1.0752,0.843,0.809,0.5564,1.7992,0.0,0.0,0.0
702,,1.0752,0.843,0.809,0.5564,1.7992,0.0,0.0,0.0
703,,1.0752,0.843,0.809,0.5564,1.7992,0.0,0.0,0.0
704,,1.0752,0.843,0.809,0.5564,1.7992,0.0,0.0,0.0
705,,1.0752,0.843,0.809,0.5564,1.7992,0.0,0.0,0.0
706,,1.0752,0.843,0.809,0.5564,1.7992,0.0,0.0,0.0
707,,1.0752,0.843,0.809,0.5564,1.7992,0.0,0.0,0.0
708,,1.0752,0.843,0.809,0.5564,1.7992,0.0,0.0,0.0
709,,1.0752,0.843,0.809,0.5564,1.7992,0.0,0.0,0.0
710,,1.0752,0.843,0.809,0.5564,1.7992,0.0,0.0,0.0
711,,1.0752,0.843,0.809,0.5564,1.7992,0.0,0.0,0.0
712,,1.0752,0.843,0.809,0.5564,1.7992,0.0,0.0,0.0
713,,1.0752,0.843,0.809,0.5564,1.7992,0.0,0.0,0.0
714,,1.0752,0.843,0.809,0.5564,1.7992,0.0,0.0,0.0
715,,1.0752,0.843,0.809,0.5564,1.7992,0.0,0.0,0.0
716,,1.0752,0.843,0.809,0.5564,1.7992,0.0,0.0,0.0
717,,1.0752,0.843,0.809,0.5564,1.7992,0.0,0.0,0.0
718,,1.0752,0.843,0.809,0.5564,1.7992,0.0,0.0,0.0
719,,1.0752,0.843,0.809,0.5564,1.7992,0.0,0.0,0.0
720,,1.0752,0.843,0.809,0.5564,1.7992,0.0,0.0,0.0
721,,1.0752,0.843,0.809,0.5564,1.7992,0.0,0.0,0.0
722,,1.0752,0.843,0.809,0.5564,1.7992,0.0,0.0,0.0
723,,1.0752,0.843,0.809,0.5564,1.7992,0.0,0.0,0.0
724,,1.0752,0.843,0.809,0.5564,1.7992,0.0,0.0,0.0
725,,0.468,0.3968,0.3444,0.3216,0.1816,0.0,0.0004,0.0012
726,,0.518,0.4391,0.3378,0.32889999999999997,0.2532,0.0006,0.0012000000000000001,0.0012
727,,0.568,0.4814,0.3312,0.3362,0.3248,0.0012,0.002,0.0012
728,,0.468,0.3968,0.3444,0.3216,0.1816,0.0,0.0004,0.0012
729,,0.468,0.3968,0.3444,0.3216,0.1816,0.0,0.0004,0.0012
730,,0.5716,0.5288,0.5292,0.5104,1.0344,0.0,0.0,0.0
731,,0.568,0.4814,0.3312,0.3362,0.3248,0.0012,0.002,0.0012
732,,0.568,0.4814,0.3312,0.3362,0.3248,0.0012,0.002,0.0012
733,,0.568,0.4814,0.3312,0.3362,0.3248,0.0012,0.002,0.0012
734,,0.568,0.4814,0.3312,0.3362,0.3248,0.0012,0.002,0.0012
735,,0.568,0.4814,0.3312,0.3362,0.3248,0.0012,0.002,0.0012
736,,1.0752,0.843,0.809,0.5564,1.7992,0.0,0.0,0.0
737,,1.0752,0.843,0.809,0.5564,1.7992,0.0,0.0,0.0
738,,1.0752,0.843,0.809,0.5564,1.7992,0.0,0.0,0.0
739,,1.0752,0.843,0.809,0.5564,1.7992,0.0,0.0,0.0
740,,1.0752,0.843,0.809,0.5564,1.7992,0.0,0.0,0.0
741,,1.0752,0.843,0.809,0.5564,1.7992,0.0,0.0,0.0
742,,1.0752,0.843,0.809,0.5564,1.7992,0.0,0.0,0.0
743,,1.0752,0.843,0.809,0.5564,1.7992,0.0,0.0,0.0
744,,0.568,0.4814,0.3312,0.3362,0.3248,0.0012,0.002,0.0012
745,,0.568,0.4814,0.3312,0.3362,0.3248,0.0012,0.002,0.0012
746,,0.568,0.4814,0.3312,0.3362,0.3248,0.0012,0.002,0.0012
747,,0.568,0.4814,0.3312,0.3362,0.3248,0.0012,0.002,0.0012
748,,0.568,0.4814,0.3312,0.3362,0.3248,0.0012,0.002,0.0012
749,,0.568,0.4814,0.3312,0.3362,0.3248,0.0012,0.002,0.0012
750,,1.0752,0.843,0.809,0.5564,1.7992,0.0,0.0,0.0
751,,1.0752,0.843,0.809,0.5564,1.7992,0.0,0.0,0.0
752,,1.0752,0.843,0.809,0.5564,1.7992,0.0,0.0,0.0
753,,1.0752,0.843,0.809,0.5564,1.7992,0.0,0.0,0.0
754,,0.8215999999999999,0.6622,0.5701,0.44630000000000003,1.0619999999999998,0.0006,0.001,0.0006
755,,1.0752,0.843,0.809,0.5564,1.7992,0.0,0.0,0.0
756,,1.0752,0.843,0.809,0.5564,1.7992,0.0,0.0,0.0
757,,1.0752,0.843,0.809,0.5564,1.7992,0.0,0.0,0.0
758,,1.0752,0.843,0.809,0.5564,1.7992,0.0,0.0,0.0
759,,1.0752,0.843,0.809,0.5564,1.7992,0.0,0.0,0.0
760,,1.0752,0.843,0.809,0.5564,1.7992,0.0,0.0,0.0
761,,1.0752,0.843,0.809,0.5564,1.7992,0.0,0.0,0.0
762,,1.0752,0.843,0.809,0.5564,1.7992,0.0,0.0,0.0
763,,1.0752,0.843,0.809,0.5564,1.7992,0.0,0.0,0.0
764,,1.0752,0.843,0.809,0.5564,1.7992,0.0,0.0,0.0
765,,1.0752,0.843,0.809,0.5564,1.7992,0.0,0.0,0.0
